objectid,inventory,species.x,dbh,condition,tree_heigh,crown_widt,crown_wid_,collected_,crown_base,created_da,last_edi_1,user_id,structural,carbon_sto,carbon_s_1,carbon_seq,carbon_s_2,stormwater,stormwat_1,pollution,pollutio_1,total_annu,family,genus,common_nam,genus_spec,field_1_1,site_type,site_width,wires,site_devel,site_size,address,neighborho,layer,tree_id,x,y,column_1,date,tree_id_nu,species.y,maple_coni,flourescen,start_time,neigborhoo,n_typology,location,street_par,height_m,height_spe,dbh_cm,dbh_specie,canopy_bas,crown_wi_1,cr_wdth_sp,percent_de,scorch_lev,evidence_o,buildings,paved_perc,nn_ne_dist,nn_ne_dbh,comp_4_qua,nn_ne_spec,nn_se_dist,nn_se_dbh,nn_se_spec,nn_sw_dist,nn_sw_dbh,nn_sw_spec,nn_nw_dist,nn_nw_dbh,nn_nw_spec,avg_chl,avg_chl_sp,avg_fv_fm,avg_fv_fm_,avg_fo,avg_fo_spe,avg_fm,avg_fm_spe,avg_porom,avg_porom_,avg_por_le,avg_por_ai,cloudy_cle,health_rat,sample_ndv
"282338",7/21/18,ACPL,18.800000000000001,Fair,"38","40","53",volunteer,"9",7/21/18,12/17/20,"7441","4371.82","1586","102.87","35.9","2.33","91.4","6.11","11.1","24.6","19.53",Sapindaceae,Acer,Norway maple,Acer platanoides,NA,NA,NA,NA,NA,NA,NA,Argay,parktrees,NM22,-122.518951200000004,45.551139960000000,"87",8/4/2021,NM22,Norway,Maple,regular,12:09:00.000,Argay,3. H invest. C disinvest,Argay city park,P,9.400000000000000,"-0.675925926","49",NA,2.000000000000000,"14.5","0.728560776","5",1 no,y,n,"30","11.4","52.5",527.338292400000000,small leaf lime,"18.2","57",norway maple,"22.8","20",elm,"14.4","58",small leaf lime,"45.33333333","0.667994688","0.8143333333","0.791666666","184.6666667","184.6666667","999","0.190185081","327.9333333","0.958907352","27.63333333","27.86666667",sun,good,0.803150177001953
"282346",7/21/18,ACPL,21.600000000000001,Fair,"52","44","48",volunteer,"9",7/21/18,12/17/20,"7489","5721.15","2170.3","140.77","42.8","2.78","92.1","6.16","11.18","24.8","20.12",Sapindaceae,Acer,Norway maple,Acer platanoides,NA,NA,NA,NA,NA,NA,NA,Argay,parktrees,NM20,-122.518765299999998,45.551014260000002,"84",8/4/2021,NM20,Norway,Maple,regular,11:33:00.000,Argay,3. H invest. C disinvest,Argay city park,P,14.400000000000000,"0.867283951","58",NA,1.500000000000000,"16","0.840417599","0",1 no,y,n,"20","17.4","54",579.733088500000008,willow,"6","61.5, c-2",wrc,"22.4","20",elm,"11.8","53",small leaf lime,"39.5","-0.494023904","0.8156666667","0.815476191","211.6666667","211.6666667","1152.666667","1.052028417","337.6666667","1.028026322","27.13333333","27.33333333",sun,good,0.842457175254822
"282353",7/21/18,THPL,36.399999999999999,Fair,"60","37","36",volunteer,"5",7/21/18,12/17/20,"7496","9664.76","2134.2","138.43","24.4","1.59","86.3","5.77","10.49","23.2","17.84",Cupressaceae,Thuja,western redcedar,Thuja plicata,NA,NA,NA,NA,NA,NA,NA,Argay,parktrees,WRC23,-122.517726499999995,45.551609370000001,"86",8/4/2021,WRC23,WRC,Conifer,regular,11:57:00.000,Argay,3. H invest. C disinvest,Argay city park,P,20.600000000000001,"0.387312187","97.5",NA,1.000000000000000,"11.5","0.541958042","0",3 moderate,y,n,"0","11.4","63",2679.845870000000104,maple,"14.8","161.5",sequoia,n,n,n,"7","135, c-2",wrc,"19.1","-0.444223108","0.819","0.58","199","199","1104.666667","0.284569968","180.8666667","0.875594219","27.23333333","27.43333333",sun,fair,0.813775122165680
"282751",7/21/18,THPL,36.090000000000003,Fair,"56","43","38",volunteer,"4",7/21/18,12/17/20,"7514","9532.59","2138.3","138.7","24.2","1.57","106.3","7.11","12.91","28.6","21.59",Cupressaceae,Thuja,western redcedar,Thuja plicata,NA,NA,NA,NA,NA,NA,NA,Argay,parktrees,WRC20,-122.518298099999996,45.551342949999999,"80",8/4/2021,WRC20,WRC,Conifer,regular,10:30:00.000,Argay,3. H invest. C disinvest,Argay city park,P,17.500000000000000,"-0.130217028",NA,NA,2.000000000000000,"12.5","0.891608392","0",2 minor,y,n,"5","8","119.5",3785.798537000000124,wrc,"17.8","182.5",Sequoia,"20.4","12",oak,"7","90",Jap. pagoda tree,"15.63333333","-0.789508632","0.782","-0.16","162","162","742.6666667","-1.670284768","200.2666667","1.152262788","28.83333333","29.1",sun,good,0.837165772914886
"282752",7/21/18,ACPL,23.699999999999999,Fair,"58","48","59",volunteer,"8",7/21/18,12/17/20,"7515","6855.88","2675.8","173.56","48.2","3.13","121","8.09","14.69","32.5","25.9",Sapindaceae,Acer,Norway maple,Acer platanoides,NA,NA,NA,NA,NA,NA,NA,Argay,parktrees,NM21,-122.517581500000006,45.551655580000002,"85",8/4/2021,NM21,Norway,Maple,regular,11:47:00.000,Argay,3. H invest. C disinvest,Argay city park,P,15.000000000000000,"1.052469136","63.5",NA,1.500000000000000,"16.5","0.877703207","0",1 no,y,n,"0","15.8","76",2612.832143999999971,oak,"14.8","161.5",sequoia,"11.8","97.5",WRC,"9","59.5",maple,"38.1","-0.772908367","0.8236666667","0.958333334","197.3333333","197.3333333","1122","0.880033651","347.3333333","1.096671874","27.26666667","27.5",sun,good,0.869279265403748
"283163",7/21/18,ACPL,15.500000000000000,Fair,"39","46","35",volunteer,"6",7/21/18,12/17/20,"7480","3021.66","1026.5","66.58","28.1","1.82","71.4","4.77","8.67","19.2","15.26",Sapindaceae,Acer,Norway maple,Acer platanoides,NA,NA,NA,NA,NA,NA,NA,Argay,parktrees,NM19,-122.518319500000004,45.550690760000002,"83",8/4/2021,NM19,Norway,Maple,regular,11:20:00.000,Argay,3. H invest. C disinvest,Argay city park,P,21.399999999999999,"3.027777778","42.5",NA,1.500000000000000,"12","0.542132737","20",1 no,y,n,"30","16.8","27.5",541.873448899999971,plum,n,n,n,"23.4","10",elm,"6","62",oala,"33.2","-1.749003984","0.8063333333","0.648809523","188.6666667","188.6666667","984","0.106057207","235.8666667","0.305117644","27.13333333","27.4",sun,good,0.795800566673279
"283550",7/21/18,THPL,42.500000000000000,Fair,"56","28","32",volunteer,"2",7/21/18,12/17/20,"7512","12224.17","2803.8","181.86","29.3","1.9","58.3","3.9","7.08","15.7","12.88",Cupressaceae,Thuja,western redcedar,Thuja plicata,NA,NA,NA,NA,NA,NA,NA,Argay,parktrees,WRC21,-122.517663600000006,45.551149260000003,"81",8/4/2021,WRC21,WRC,Conifer,regular,10:46:00.000,Argay,3. H invest. C disinvest,Argay city park,P,19.000000000000000,"0.120200334",NA,NA,1.500000000000000,"12.5","0.891608392","10",3 moderate,y,n,"5","22.4","87",4205.067756999999801,wrc,"7","117.5",wrc,"11.8","168.5",sequoia,"10.8","83",wrc,"26.9","0.332669323","0.77","-0.4","225.3333333","225.3333333","984","-0.367048277","149.7","0.431118083","27.13333333","27.36666667",sun,fair,0.843080759048462
"283553",7/21/18,THPL,32.000000000000000,Fair,"74","36","38",volunteer,"6",7/21/18,12/17/20,"7528","7667.15","1540.2","99.91","19.4","1.26","87","5.82","10.57","23.4","17.64",Cupressaceae,Thuja,western redcedar,Thuja plicata,NA,NA,NA,NA,NA,NA,NA,Argay,parktrees,WRC22,-122.517589200000003,45.551365619999999,"82",8/4/2021,WRC22,WRC,Conifer,regular,11:02:00.000,Argay,3. H invest. C disinvest,Argay city park,P,23.800000000000001,"0.921535893","81.5",NA,1.500000000000000,"11","0.367132867","5",2 minor,y,n,"0","5","61",2611.156328999999914,maple,n,n,n,"11.8","86.5",Jap. Zelkova,"13.4","161.5",Sequoia,"33.46666667","0.986719788","0.83","0.8","205.6666667","205.6666667","1222","0.918187709","169.7","0.716343411","26.46666667","26.73333333",sun,fair,0.861936271190643
NA,6/9/16 16:01,ACMA,26.899999999999999,Fair,"66",NA,NA,Staff,NA,NA,NA,"164676",NA,NA,NA,NA,NA,NA,NA,NA,NA,NA,Sapindaceae,Acer,"Maple, Bigleaf",Acer macrophyllum,"18935",NCNS,NA,None,Unimproved,Large,4301-4495 NE 133RD AVE,Argay,streettrees,BM20,-122.526305899999997,45.555328979999999,"88",8/4/2021,BM20,BLM,Maple,mod,12:33:00.000,Argay,3. H invest. C disinvest,133/Sandy,S,14.400000000000000,"0.271393643","71",NA,1.500000000000000,"17.5","1.109936575","0",2 minor,n,n,"50",n,n,1318.887310999999954,n,"22.4","30",field maple,"23","30",field maple,"1","40",BLM,"44.7","0.441780822","0.7086666667","-2.009803921","225.6666667","225.6666667","784","-1.267477204","316.1","0.688328544","28.7","28.9",sun,fair,0.678394138813019
NA,6/9/16 16:01,ACMA,20.399999999999999,Fair,"54",NA,NA,Staff,NA,NA,NA,"164727",NA,NA,NA,NA,NA,NA,NA,NA,NA,NA,Sapindaceae,Acer,"Maple, Bigleaf",Acer macrophyllum,"18965",NCNS,NA,None,Unimproved,Large,4301-4495 NE 133RD AVE,Argay,streettrees,BM21,-122.526422299999993,45.555349460000002,"89",8/4/2021,BM21,BLM,Maple,regular,12:41:00.000,Argay,3. H invest. C disinvest,133/Sandy,S,13.600000000000000,"0.075794621","59",NA,2.000000000000000,"9","-0.687103594","20",3 moderate,n,n,"50","2","50",1010.277840999999967,BLM,"22","20",field maple,"22","20",field maple,n,n,n,"44.06666667","0.333333333","0.789","0.352941176","210.6666667","210.6666667","1001.666667","0.055724418","291.3666667","0.459040203","28.96666667","29.2",sun,poor,0.644659399986267
NA,6/9/16 16:01,ACMA,23.600000000000001,Fair,"60",NA,NA,Staff,NA,NA,NA,"168190",NA,NA,NA,NA,NA,NA,NA,NA,NA,NA,Sapindaceae,Acer,"Maple, Bigleaf",Acer macrophyllum,"19769",NCNS,NA,None,Unimproved,Large,4350 NE 133RD AVE,Argay,streettrees,BM23,-122.524708200000006,45.555055119999999,"91",8/4/2021,BM23,BLM,Maple,regular,01:15:00.000,Argay,3. H invest. C disinvest,133/Sandy,S,8.600000000000000,"-1.146699267","33",NA,1.500000000000000,"7","-1.109936575","0",2 minor,n,n,"50","0.5","51",5028.541932000000088,blm,"4","46",blm,"22","15",cedar,"6","63",blm,"42.73333333","0.105022831","0.786","0.264705882","260.3333333","260.3333333","1223.666667","1.405268491","227.0666667","-0.137047681","29.8","30.03333333",sun,fair,0.741365432739258
NA,6/9/16 16:01,ACMA,32.000000000000000,Fair,"75",NA,NA,Staff,NA,NA,NA,"168191",NA,NA,NA,NA,NA,NA,NA,NA,NA,NA,Sapindaceae,Acer,"Maple, Bigleaf",Acer macrophyllum,"19770",NCNS,NA,None,Unimproved,Large,13000 NE WHITAKER WAY,Argay,streettrees,BM22,-122.524797300000003,45.555089850000002,"90",8/4/2021,BM22,BLM,Maple,regular,01:00:00.000,Argay,3. H invest. C disinvest,133/Sandy,S,13.400000000000000,"0.026894866","66",NA,1.500000000000000,"8","-0.898520085","20",2 minor,n,n,"50","1","62",3252.237874999999804,BLM,"22","15",cedar,"22","15",cedar,"22","78",blm,"41.06666667","-0.180365297","0.7866666667","0.284313726","223.6666667","223.6666667","1432.333333","2.673758865","196.4666667","-0.420722475","29.26666667","29.5",sun,poor,0.623603582382202
"526784",7/9/19,ACPL,18.100000000000001,Fair,"37","49","42",staff,"6",7/9/19,12/17/20,"17270","4063.71","1456.2","94.46","34.2","2.22","90.1","6.02","10.94","24.2","19.18",Sapindaceae,Acer,Norway maple,Acer platanoides,NA,NA,NA,NA,NA,NA,NA,Centennial,parktrees,NM30,-122.504460399999999,45.513767459999997,"123",8/18/2021,NM30,Norway,Maple,regular,12:00:00.000,Centennial,3. H invest. C disinvest,Parklane park,P,9.000000000000000,"-0.799382716","46",NA,1.500000000000000,"14","0.691275168","10",1 no,y,n,"5","9.8","44.5",431.316146300000014,norway maple,n,n,n,"11.8","64",norway,n,n,n,"34.56666667","-1.476759628","0.7713333333","0.023809523","221.6666667","221.6666667","973","0.044363432",NA,NA,NA,NA,cloudy,good,0.834042191505432
"527177",7/9/19,ACPL,22.000000000000000,Fair,"48","55","55",staff,"4",7/9/19,12/17/20,"17239","5929.17","2261.7","146.7","43.8","2.84","127.8","8.550000000000002","15.53","34.4","26.92",Sapindaceae,Acer,Norway maple,Acer platanoides,NA,NA,NA,NA,NA,NA,NA,Centennial,parktrees,NM28,-122.505269299999995,45.513133320000001,"121",8/18/2021,NM28,Norway,Maple,regular,11:15:00.000,Centennial,3. H invest. C disinvest,"Parklane park, 153/main",P,11.000000000000000,"-0.182098765","57",NA,1.500000000000000,"14.5","0.728560776","0",2 minor,y,y,"15","19.4","72",559.698387499999967,london plane,"12.8","51.5",norway maple,n,n,n,"13.4","56.5",Norway maple,"47.83333333","1.166002656","0.8196666667","0.886904762","189.3333333","189.3333333","1053.333333","0.494914937",NA,NA,NA,NA,cloudy,good,0.845159173011780
"527571",7/9/19,ACPL,23.000000000000000,Fair,"47","56","52",staff,"6",7/9/19,12/17/20,"17251","6465.95","2500.3","162.18","46.4","3.01","123.2","8.24","14.97","33.2","26.21",Sapindaceae,Acer,Norway maple,Acer platanoides,NA,NA,NA,NA,NA,NA,NA,Centennial,parktrees,NM29,-122.505534100000006,45.513279630000000,"122",8/18/2021,NM29,Norway,Maple,regular,11:47:00.000,Centennial,3. H invest. C disinvest,Parklane Park,P,13.199999999999999,"0.49691358","62",NA,1.500000000000000,"14","0.691275168","0",2 minor,y,y,"15","11.8","63",723.337635100000057,london plane,"12","56.5",norway maple,"23.4","20",dogwood,"10.4","56",norway maple,"49.33333333","1.464807437","0.813","0.767857143","195.3333333","195.3333333","1045.666667","0.451916246",NA,NA,NA,NA,mixed,good,0.853608429431915
"527574",7/9/19,THPL,27.899999999999999,Fair,"68","19","26",staff,"2",7/9/19,12/17/20,"17254","5942.62","983.4","63.79","14.8","0.96","32.8","2.19","3.98","8.800000000000002","7.14",Cupressaceae,Thuja,western redcedar,Thuja plicata,NA,NA,NA,NA,NA,NA,NA,Centennial,parktrees,WRC33,-122.502910799999995,45.513699320000001,"126",8/18/2021,WRC33,WRC,Conifer,regular,12:30:00.000,Centennial,3. H invest. C disinvest,Parklane Park,P,17.199999999999999,"-0.180300501","56",NA,1.000000000000000,"10","0.017482517","20",3 moderate,y,n,"20","4","64",2033.448071000000027,WRC,n,n,n,"7","64",Norway maple,"5","70",wrc,"25.23333333","0.166666667","0.8346666667","0.893333334","150.3333333","150.3333333","916.3333333","-0.732458509",NA,NA,NA,NA,sun,poor,0.782382249832153
"527972",7/9/19,THPL,21.800000000000001,Fair,"54","27","32",staff,"3",7/9/19,12/17/20,"17282","3612.12","546.2","35.43","9.2","0.6","53.1","3.55","6.45","14.3","10.6",Cupressaceae,Thuja,western redcedar,Thuja plicata,NA,NA,NA,NA,NA,NA,NA,Centennial,parktrees,WRC32,-122.503052499999995,45.513651830000001,"125",8/18/2021,WRC32,WRC,Conifer,regular,12:31:00.000,Centennial,3. H invest. C disinvest,Parklane Park,P,22.199999999999999,"0.65442404","68",NA,1.000000000000000,"8.5","-0.506993007","5",3 moderate,y,n,"10","5","81",2127.829576999999972,wrc,"5","61.5",wrc,n,n,n,"6","62",norway maple,"23.4","-0.015936255","0.806","0.32","170.3333333","170.3333333","881.6666667","-0.919663751",NA,NA,NA,NA,mix,fair,0.795041859149933
"527977",7/9/19,ACPL,21.199999999999999,Fair,"33","40","42",staff,"5",7/9/19,12/17/20,"17287","5516.93","2080.3","134.94","41.8","2.71","75.3","5.03","9.14","20.3","16.89",Sapindaceae,Acer,Norway maple,Acer platanoides,NA,NA,NA,NA,NA,NA,NA,Centennial,parktrees,NM31,-122.504111199999997,45.513766930000003,"124",8/18/2021,NM31,Norway,Maple,regular,12:20:00.000,Centennial,3. H invest. C disinvest,Parklane Park,P,9.600000000000000,"-0.614197531","55",NA,1.500000000000000,"14.5","0.728560776","0",1 no,n,n,"0",n,n,111.088488799999993,n,n,n,n,"14","44.5",Norway maple,n,n,n,"37","-0.992031873","0.7733333333","0.059523809","207.6666667","207.6666667","926","-0.219237241",NA,NA,NA,NA,sun,good,0.764955341815948
"709243",10/3/19,ACMA,16.000000000000000,Fair,"42","31","34",staff,"6",10/3/19,12/17/20,"25139","2620.27","980.5","63.6","26.3","1.7","46.2","3.09","5.61","12.4","10.39",Sapindaceae,Acer,bigleaf maple,Acer macrophyllum,NA,NA,NA,NA,NA,NA,NA,Centennial,parktrees,BM15B,-122.487783199999996,45.497530890000000,"58",7/29/2021,BM15B,BLM,Maple,regular,11:20:00.000,Centennial,3. H invest. C disinvest,"170/haig, lynchwood park",P,12.500000000000000,"-0.193154034",NA,NA,1.500000000000000,"11","-0.264270613","10",1 no,n,n,"20","8","65",615.832171900000048,dogwood,n,n,n,"25","80",doug,n,n,n,"47.2","0.869863014","0.772","-0.147058824","203.3333333","203.3333333","906.3333333","-0.523809524","190.2","-0.478817095","27.43333333","27.66666667",sun,poor,0.719763159751892
"709649",10/3/19,ACMA,10.199999999999999,Poor,"34","14","14",staff,"8",10/3/19,12/17/20,"25174","390.06","357.1","23.16","5","0.32","11.5","0.77","1.4","3.1","2.49",Sapindaceae,Acer,bigleaf maple,Acer macrophyllum,NA,NA,NA,NA,NA,NA,NA,Centennial,parktrees,BM17,-122.487415999999996,45.497527789999999,"60",7/29/2021,BM17,BLM,Maple,regular,12:02:00.000,Centennial,3. H invest. C disinvest,"170/haig, lynchwood park",P,10.000000000000000,"-0.804400978","28",NA,2.000000000000000,"4","-1.744186047","50",1 no,n,n,"0","8","19",186.472766799999988,dogwood,n,n,n,"13.4","43",blm,"7","19.5",oak,"32.16666667","-1.704337899","0.7633333333","-0.401960785","194.6666667","194.6666667","834.3333333","-0.961499493","137.0333333","-0.971694323","30.56666667","30.83333333",sun,poor,0.663328766822815
"710443",10/3/19,ACMA,15.699999999999999,Fair,"41","29","35",staff,"7",10/3/19,12/17/20,"25194","2529.52","939.8","60.96","25.7","1.66","43.9","2.93","5.33","11.8","9.93",Sapindaceae,Acer,bigleaf maple,Acer macrophyllum,NA,NA,NA,NA,NA,NA,NA,Centennial,parktrees,BM16,-122.487603800000002,45.497530220000002,"59",7/29/2021,BM16,BLM,Maple,low,11:43:00.000,Centennial,3. H invest. C disinvest,"170/haig, lynchwood park",P,12.000000000000000,"-0.315403423","43",NA,0.000000000000000,"8.25","-0.845665962","30",1 no,n,n,"5","10.4","19.5",1023.196367000000009,oak,n,n,n,"12.4","135, c-7",blm,"4","65",dogwood,"43.16666667","0.179223744","0.6736666667","-3.039215685","251","251","771","-1.346504559","156.7666667","-0.788758073","30.4","30.6",sun,fair,0.747854590415955
"715650",10/7/19,PSME,33.700000000000003,Fair,"132","41","42",staff,"6",10/7/19,12/17/20,"25023","8454","2589.8","167.98","32.6","2.11","105.1","7.03","12.77","28.3","21.91",Pinaceae,Pseudotsuga,Douglas-fir,Pseudotsuga menziesii,NA,NA,NA,NA,NA,NA,NA,Centennial,parktrees,DF18,-122.486943999999994,45.498984620000002,"64",7/29/2021,DF18,DF,Conifer,regular,02:02:00.000,Centennial,3. H invest. C disinvest,"lynchwood park, 170/franklin",P,38.000000000000000,"1.5","86.5",NA,2.000000000000000,"14.5","0.691292876","30",1 no,n,n,"0","5","88",1831.977313999999978,df,"11","56",df,"13.4","77",df,"22.4","35.5",df,"17.23333333","0.066190476",NA,NA,NA,NA,NA,NA,"54.46666667","-0.865139642","31.53333333","31.76666667",sun,fair,0.798341929912567
"718062",10/7/19,PSME,22.399999999999999,Fair,"75","30","33",staff,"4",10/7/19,12/17/20,"25091","3815.99","1140","73.95","20","1.3","64.3","4.3","7.81","17.3","13.41",Pinaceae,Pseudotsuga,Douglas-fir,Pseudotsuga menziesii,NA,NA,NA,NA,NA,NA,NA,Centennial,parktrees,DF17,-122.486933800000003,45.499178309999998,"62",7/29/2021,DF17,DF,Conifer,mod,01:16:00.000,Centennial,3. H invest. C disinvest,"lynchwood park, 170/franklin",P,19.000000000000000,"-0.683908046","73",NA,0.500000000000000,"18","1.614775726","60",3 moderate,n,y,"0","2","45",1336.265218000000004,df,"20.8","87",df,"6","24.5",df,"4","30",cherry,"7.966666667","-1.257619048","0.743","-1.463414634","261.3333333","261.3333333","1020.333333","-0.581591375","40.86666667","-1.029093832","31.96666667","32.16666667",sun,poor,0.807190477848053
"718447",10/7/19,PSME,20.100000000000001,Fair,"101","45","48",staff,"18",10/7/19,12/17/20,"25541","3064.57","992.5","64.38","17.2","1.12","122","8.15","14.81","32.8","24.08",Pinaceae,Pseudotsuga,Douglas-fir,Pseudotsuga menziesii,NA,NA,NA,NA,NA,NA,NA,Centennial,parktrees,DF16,-122.486572899999999,45.498773499999999,"61",7/29/2021,DF16,DF,Conifer,regular,12:34:00.000,Centennial,3. H invest. C disinvest,"lynchwood park, 170/franklin",P,24.000000000000000,"-0.109195402","35.5",NA,2.000000000000000,"9","-0.759894459","40",1 no,n,n,"0","2","44.5",3149.249033000000054,df,"8","90",df,"6","71.5",df,"5","76",df,"15.06666667","-0.243333333","0.7636666667","-0.959349593","278.6666667","278.6666667","1182.333333","0.284487214","41.23333333","-1.024673498","30.5","30.73333333",sun,fair,0.828954815864563
"718452",10/7/19,THPL,7.100000000000000,Fair,"48","28","16",staff,"5",10/7/19,12/17/20,"25546","346.41","63.1","4.09","1.2","0.07","24.2","1.62","2.94","6.5","4.63",Cupressaceae,Thuja,western redcedar,Thuja plicata,NA,NA,NA,NA,NA,NA,NA,Centennial,parktrees,WRC14,-122.487766300000004,45.498969700000004,"63",7/29/2021,WRC14,WRC,Conifer,low,01:34:00.000,Centennial,3. H invest. C disinvest,"lynchwood park, 170/franklin",P,23.000000000000000,"0.787979967",NA,NA,1.500000000000000,"13","1.066433566","25",2 minor,n,y,"0","21.4","86.5",1324.643201999999974,df,"1","45, c-2",wrc,"2","30, c-2",wrc,"1","10",wrc,"20.5","-0.304780876","0.6716666667","-2.366666666","314","314","1012.666667","-0.212243943","29.8","-1.278807758","31.46666667","31.7",sun,fair,0.719656944274902
"718870",10/7/19,THPL,12.500000000000000,Fair,"66","14","16",staff,"7",10/7/19,12/17/20,"25593","1160.02","121.4","7.87","3.2","0.21","16.8","1.13","2.05","4.5","3.38",Cupressaceae,Thuja,western redcedar,Thuja plicata,NA,NA,NA,NA,NA,NA,NA,Centennial,parktrees,WRC15,-122.487132500000001,45.499016460000000,"65",7/29/2021,WRC15,WRC,Conifer,low,02:24:00.000,Centennial,3. H invest. C disinvest,"lynchwood park, 170/franklin",P,15.000000000000000,"-0.547579299",NA,NA,0.500000000000000,"10","0.017482517","60",4 heavy,n,n,"30","0.5","18.5",1344.841781000000083,wrc,"17.8","112.5",df,"21.8","35",df,"18.8","70",df,"24.6","0.103585657","0.6253333333","-3.293333334","274.3333333","274.3333333","734.3333333","-1.715286028","28.63333333","-1.295445902","32.33333333","32.53333333",sun,poor,0.789396941661835
NA,9/26/14 20:23,PSME,18.300000000000001,Fair,"91",NA,NA,Staff,NA,NA,NA,"60160",NA,NA,NA,NA,NA,NA,NA,NA,NA,NA,Pinaceae,Pseudotsuga,Douglas-Fir,Pseudotsuga menziesii,"7040",NCNS,NA,High voltage,Unimproved,Medium,1921 SE 174TH AVE,Centennial,streettrees,DF29,-122.485565100000002,45.509021160000003,"128",8/18/2021,DF29,DF,Conifer,regular,01:40:00.000,Centennial,3. H invest. C disinvest,172nd/Stephens,S,22.399999999999999,"-0.293103448","50",NA,1.500000000000000,"9.5","-0.627968338","40",1 no,n,y,"60","11","49.5",1128.215729999999894,maple,"4","55",df,"8","60.5",n. maple,n,n,n,"9.233333333","-1.076666667","0.8096666667","0.162601627","232","232","1220","0.485859396",NA,NA,NA,NA,sun,fair,0.760398983955383
NA,9/29/14 15:40,ACMA,6.900000000000000,Good,"29",NA,NA,Staff,NA,NA,NA,"61621",NA,NA,NA,NA,NA,NA,NA,NA,NA,NA,Sapindaceae,Acer,"Maple, Bigleaf",Acer macrophyllum,"7221",swale,"10.9",No HV,Improved,Large,17334 SE SHERMAN ST,Centennial,streettrees,BM34,-122.484806699999993,45.506000630000003,"127",8/18/2021,BM34,BLM,Maple,mod,01:12:00.000,Centennial,3. H invest. C disinvest,174/Sherman,S,9.400000000000000,"-0.951100244","26",NA,0.500000000000000,"8","-0.898520085","15",3 moderate,n,y,"50",n,n,284.922470799999985,n,"6","26",BLM,"20.8","60",pine,"6","21.5",BLM,"34.83333333","-1.247716895","0.7073333333","-2.049019609","216","216","759","-1.419452888",NA,NA,NA,NA,sun,fair,0.679007470607758
"275160",7/19/18,THPL,28.899999999999999,Fair,"80","23","21",volunteer,"7",7/19/18,12/17/20,"8465","6379.25","1080.5","70.08","15.9","1.03","31.4","2.1","3.81","8.4","6.94",Cupressaceae,Thuja,western redcedar,Thuja plicata,NA,NA,NA,NA,NA,NA,NA,Eastmoreland,parktrees,WRC5,-122.636686499999996,45.478110800000003,"22",7/19/2021,WRC5,WRC,Conifer,regular,02:15:00.000,Eastmoreland,4. H+C investment,Rhody garden,P,31.000000000000000,"2.123539232","74.5",NA,1.500000000000000,"7.5","-0.856643357","5",2 minor,y,n,"0","9.8","114",4998.013235000000350,magnolia,"8","32.5, c-3",star magnolia,"3","74",pin oak,"2.5","89",DF,"28.9","0.53187251","0.8463333333","1.126666666","233.6666667","233.6666667","1552.333333","2.702037657","68.33333333","-0.729273626","28.53333333","28.73333333",sunny,good,0.880280613899231
"276742",7/19/18,PSME,35.000000000000000,Fair,"103","35","32",volunteer,"8",7/19/18,12/17/20,"7269","9042.93","2733.2","177.29","34.1","2.21","72.7","4.86","8.83","19.6","15.9",Pinaceae,Pseudotsuga,Douglas-fir,Pseudotsuga menziesii,NA,NA,NA,NA,NA,NA,NA,Eastmoreland,parktrees,DF6,-122.636513699999995,45.479386450000000,"19",7/19/2021,DF6,DF,Conifer,regular,11:20:00.000,Eastmoreland,4. H+C investment,Rhody garden,P,30.000000000000000,"0.58045977","90",NA,2.250000000000000,"6","-1.551451187","5",1 no,y,n,"0","17.8","105.5",543.449349800000050,DF,n,n,n,n,n,n,"6","20",DF,"11.13333333","-0.805238095",NA,NA,NA,NA,NA,NA,"90.23333333","-0.433956199","29.23333333","29.46666667",sunny,fair,0.764004349708557
"276739",7/19/18,ACMA,30.300000000000001,Poor,"62","41","27",volunteer,"7",7/19/18,12/17/20,"7266","2915.3","4108.1","266.47","19.3","1.25","53.9","3.6","6.55","14.5","11.4",Sapindaceae,Acer,bigleaf maple,Acer macrophyllum,NA,NA,NA,NA,NA,NA,NA,Eastmoreland,parktrees,BM6,-122.636551499999996,45.479578779999997,"20",7/19/2021,BM6,BLM,Maple,regular,11:55:00.000,Eastmoreland,4. H+C investment,Rhody garden,P,17.000000000000000,"0.907090465","76.5",NA,1.500000000000000,"9","-0.687103594","20",1 no,y,n,"0","10.4","93",7763.878472999999758,DF,"14.4","105.5",DF,n,n,n,"1","91",DF,"43.23333333","0.190639269","0.8113333333","1.009803921","216.6666667","216.6666667","1153","0.975683891","251.3","0.087605451","29.4","29.66666667",sunny,poor,0.832399547100067
"276744",7/19/18,THPL,18.300000000000001,Fair,"46","24","24",staff,"5",7/19/18,12/17/20,"7271","2533.24","335","21.73","6.6","0.43","35.2","2.35","4.27","9.5","7.05",Cupressaceae,Thuja,western redcedar,Thuja plicata,NA,NA,NA,NA,NA,NA,NA,Eastmoreland,parktrees,WRC4,-122.635737199999994,45.479661569999998,"18",7/19/2021,WRC4,WRC,Conifer,regular,10:36:00.000,Eastmoreland,4. H+C investment,Rhody garden,P,17.000000000000000,"-0.213689482",NA,NA,1.500000000000000,"6","-1.381118881","15",4 heavy,y,n,"40","15","61",587.487383399999999,birch,"4","30.5",kausa dogwood,n,n,n,"15.8","65",oak,"26.66666667","0.309428951","0.8463333333","1.126666666","194","194","1263.333333","1.141393959","124.9333333","0.077914052","26.23333333","26.43333333",sunny,poor,0.812800645828247
"276750",7/19/18,PSME,30.100000000000001,Fair,"116","30","30",volunteer,"3",7/19/18,12/17/20,"7676","6765.3","2026.1","131.42","28.6","1.86","58.3","3.9","7.08","15.7","12.84",Pinaceae,Pseudotsuga,Douglas-fir,Pseudotsuga menziesii,NA,NA,NA,NA,NA,NA,NA,Eastmoreland,parktrees,DF7,-122.636228099999997,45.479108310000001,"21",7/19/2021,DF7,DF,Conifer,regular,01:50:00.000,Eastmoreland,4. H+C investment,Rhody garden,P,30.000000000000000,"0.58045977","78",NA,2.000000000000000,"6","-1.551451187","5",2 minor,y,n,"5","1.5","69",5640.563250000000153,DF,"2.5","70",DF,"2","64",DF,n,n,n,"42.36666667","3.656666667","0.8203333333","0.422764227","225.6666667","225.6666667","1275.666667","0.783462532","114.1333333","-0.145830822","31.03333333","31.26666667",sunny,good,0.821843504905701
"277538",7/19/18,ACMA,35.000000000000000,Fair,"60","29","40",staff,"0",7/19/18,12/17/20,"7303","11454.09","5677.4","368.26","69.2","4.49","55.5","3.71","6.74","14.9","14.94",Sapindaceae,Acer,bigleaf maple,Acer macrophyllum,NA,NA,NA,NA,NA,NA,NA,Eastmoreland,parktrees,BM7,-122.636558600000001,45.480000519999997,"23",7/19/2021,BM7,BLM,Maple,regular,02:47:00.000,Eastmoreland,4. H+C investment,Rhody garden,P,17.399999999999999,"1.004889976","95.5",NA,1.500000000000000,"11","-0.264270613","20",3 moderate,y,n,"20","2","21",424.979502099999991,rhody,"1.5","14.5",rhody,"5","11",rhody,"4","25",rhody,"37.23333333","-0.836757991","0.815","1.117647059","227.3333333","227.3333333","1232.666667","1.459979737","159.5666667","-0.762800902","29.06666667","29.3",sunny,poor,0.844691038131714
NA,6/25/11 0:00,ACPL,41.700000760000002,Poor,"88",NA,NA,Volunteer,NA,NA,NA,"16650",NA,NA,NA,NA,NA,NA,NA,NA,NA,NA,Sapindaceae,Acer,"Maple, Norway",Acer platanoides,"2156",NA,"7.5",No HV,Improved,Large,6230 SE 36TH AVE,Eastmoreland,streettrees,NM6,-122.626497900000004,45.477374320000003,"25",7/20/2021,NM6,Norway,Maple,regular,10:56:00.000,Eastmoreland,4. H+C investment,Tollman/36,S,10.199999999999999,"-0.429012346","116.5",NA,2.000000000000000,"24.75","1.492915735","5",2 minor,n,y,"40","5","30",1263.682553999999982,cedar,"19.4","62",norway,"12.8","86",norway maple,"9.8","80",Norway maple,"37.53333333","-0.885790173",NA,NA,NA,NA,NA,NA,"213.6666667","0.147469583","20.7","20.96666667",cloudy,fair,0.884069919586182
NA,6/25/11 0:00,ACPL,14.699999800000001,Fair,"28",NA,NA,Volunteer,NA,NA,NA,"20860",NA,NA,NA,NA,NA,NA,NA,NA,NA,NA,Sapindaceae,Acer,"Maple, Norway",Acer platanoides,"2683",NA,"7.5",High voltage,Improved,Medium,6307 SE 36TH AVE,Eastmoreland,streettrees,NM5,-122.626825299999993,45.477002300000002,"24",7/20/2021,NM5,Norway,Maple,regular,10:21:00.000,Eastmoreland,4. H+C investment,Tollman/36,S,8.000000000000000,"-1.108024691","45",NA,1.000000000000000,"10","0.392990306","5",2 minor,n,y,"40",n,n,405.490538899999990,n,"9.8","28",dogwood,"9","58",norway maple,"10.4","25.5",elm,"43.26666667","0.256308101","0.8266666667","1.011904763","221.3333333","221.3333333","1281","1.771789119","295.3","0.727169436","20.36666667","20.63333333",cloudy,good,0.869056642055511
"13125",6/29/17,THPL,8.800000000000002,Fair,"30","15","16",volunteer,"5",6/29/17,12/17/20,"497","554.2","59.1","3.84","1.7","0.11","13.9","0.93","1.68","3.7","2.72",Cupressaceae,Thuja,western redcedar,Thuja plicata,NA,NA,NA,NA,NA,NA,NA,Eastmoreland,parktrees,WRC1,-122.626056500000004,45.472769939999999,"5",7/7/2021,WRC1,WRC,Conifer,regular,10:30:00.000,Eastmoreland,4. H+C investment,Berkely Park,P,10.600000000000000,"-1.282136895","23",NA,1.000000000000000,"5","-1.730769231","0",3 moderate,n,n,"30","4","95, compound 4",2256.410214999999880,magnolia,na,na,na,"8","133",maple,"13.4","73.5, compound 4",madrone,"26.13333333","0.256308101","0.8246666667","0.693333334","214","214","1223.666667","0.927187961","269.5666667","2.140568549","19.9","20.13333333",cloudy,fair,0.885773539543152
"13133",6/29/17,ACPL,10.300000000000001,Fair,"39","36","33",volunteer,"7",6/29/17,12/17/20,"505","1421.37","408.8","26.52","16.8","1.09","51.7","3.46","6.28","13.9","10.83",Sapindaceae,Acer,Norway maple,Acer platanoides,NA,NA,NA,NA,NA,NA,NA,Eastmoreland,parktrees,NM1,-122.625296000000006,45.473353359999997,"4",7/6/2021,NM1,Norway,Maple,regular,02:23:00.000,Eastmoreland,4. H+C investment,Berkely Park,P,12.000000000000000,"0.12654321","33",NA,2.000000000000000,"12.7","0.594332588","0",1 no,n,n,"10","14.8","66",1229.498448000000053,bigleaf,"10.8","27",norway,"19","126",Bigleaf,"20.8","87.5",DF,"47.2","1.039840637","0.823","0.946428571",NA,NA,NA,NA,"218.2","0.17966198",NA,NA,sunny,NA,0.847662746906281
"13063",6/29/17,ACMA,39.100000000000001,Fair,"77","66","52",volunteer,"6",6/29/17,12/17/20,"541","13669.68","7279.2","472.16","79.4","5.15","147.7","9.87","17.94","39.7","32.97",Sapindaceae,Acer,bigleaf maple,Acer macrophyllum,NA,NA,NA,NA,NA,NA,NA,Eastmoreland,parktrees,BM2,-122.624199700000005,45.472799530000003,"2",7/6/2021,BM2,BLM,Maple,regular,01:12:00.000,Eastmoreland,4. H+C investment,Berkely Park,P,21.600000000000001,"2.031784841","99.5",NA,2.500000000000000,"21.6","1.976744186","0",1 no,y,y,"0","11.8","89.5",892.817112599999973,oak,"12.4",~50 (inaccessable),maple,na,na,na,"11.8","55",oak,"42.2","0.01369863","0.7866666667","0.284313726",NA,NA,NA,NA,"656.3666667","3.842742808",NA,NA,sunny,NA,0.886079192161560
"13084",6/29/17,ACMA,49.600000000000001,Fair,"88","81","81",volunteer,"7",6/29/17,12/17/20,"477","18719.8","12412.3","805.11","106.7","6.92","270.1","18.06","32.81","72.7","57.79",Sapindaceae,Acer,bigleaf maple,Acer macrophyllum,NA,NA,NA,NA,NA,NA,NA,Eastmoreland,parktrees,BM1,-122.623825699999998,45.472869910000000,"1",7/6/2021,BM1,BLM,Maple,regular,11:52:00.000,Eastmoreland,4. H+C investment,Berkely Park,P,22.399999999999999,NA,"128",NA,2.000000000000000,"23",NA,"0",1 no,y,n,"10","21","88",1851.500058000000081,oak,"10","85.5",oak,"7","87",oak,"22.5","63",plum,"46.76666667",NA,"0.756",NA,NA,NA,NA,NA,"273.1666667",NA,NA,NA,sunny,NA,0.889998793601990
"13081",6/29/17,PSME,41.500000000000000,Fair,"136","51","41",volunteer,"8",6/29/17,12/17/20,"474","11821.32","3881.1","251.74","41.6","2.7","124.7","8.34","15.14","33.5","26.18",Pinaceae,Pseudotsuga,Douglas-fir,Pseudotsuga menziesii,NA,NA,NA,NA,NA,NA,NA,Eastmoreland,parktrees,DF2,-122.625620400000003,45.472785930000001,"6",7/7/2021,DF2,DF,Conifer,regular,11:25:00.000,Eastmoreland,4. H+C investment,Berkely Park,P,41.000000000000000,"1.844827586","108.5",NA,2.000000000000000,"14.5","0.691292876","5",1 no,y,n,"5","3","18",3061.291815999999926,spruce,"13.8",~100 (inaccessable),BLM,"4","93",Doug,"13.4","110",Doug,"21.33333333","0.651904762","0.835","0.780487805","234","234","1419.666667","1.553310167","363.4","2.8591922849999998","19.63333333","19.83333333",very cloudy,fair,0.854156970977783
"13106",6/29/17,PSME,38.500000000000000,Fair,"117","49","46",volunteer,"6",6/29/17,12/17/20,"520","10573.41","3376.9","219.04","38.1","2.47","133","8.890000000000002","16.15","35.8","27.51",Pinaceae,Pseudotsuga,Douglas-fir,Pseudotsuga menziesii,NA,NA,NA,NA,NA,NA,NA,Eastmoreland,parktrees,DF1,-122.625053899999997,45.472863099999998,"3",7/6/2021,DF1,DF,Conifer,regular,01:55:00.000,Eastmoreland,4. H+C investment,Berkely Park,P,37.600000000000001,"1.454022989","100",NA,2.500000000000000,"15.5","0.955145119","0",1 no,y,n,"0","5","121.5",4119.085482000000411,DF,"10.4","97",oak,"16.8","96",Bigleaf,"11.8","99.5",DF,"15","-0.252857143","0.8396666667","0.894308944",NA,NA,NA,NA,"331.1666667","2.470604782",NA,NA,sunny,NA,0.883539080619812
NA,6/25/11 0:00,ACPL,27.899999609999998,Poor,"63",NA,NA,Volunteer,NA,NA,NA,"7703",NA,NA,NA,NA,NA,NA,NA,NA,NA,NA,Sapindaceae,Acer,"Maple, Norway",Acer platanoides,"826",NA,"7",High voltage,Improved,Medium,2912 SE REX ST,Eastmoreland,streettrees,NM2,-122.633360800000005,45.469511199999999,"7",7/7/2021,NM2,Norway,Maple,regular,12:12:00.000,Eastmoreland,4. H+C investment,29th/Rex,S,17.000000000000000,"1.669753086","96",NA,2.000000000000000,"23.4","1.392244594","0",2 minor,y,y,"50","13.8","76",575.104894500000000,maple,"8","30",ginko,"7","28.5",alder,"12.4","32.5",elm,"40.46666667","-0.301460823","0.813","0.767857143","219","219","1177.666667","1.192241541","690.5","3.533588979","20.26666667","20.53333333",very cloudy,good,0.893571317195892
NA,6/25/11 0:00,THPL,13.399999610000000,Good,"41",NA,NA,Volunteer,NA,NA,NA,"6274",NA,NA,NA,NA,NA,NA,NA,NA,NA,NA,Cupressaceae,Thuja,Western Redcedar,Thuja plicata,"590",NA,"5.5",High voltage,Improved,Medium,7815 SE 28TH AVE,Eastmoreland,streettrees,WRC2,-122.634630999999999,45.468477520000000,"8",7/7/2021,WRC2,WRC,Conifer,regular,12:30:00.000,Eastmoreland,4. H+C investment,28th/Lambert,S,13.199999999999999,"-0.848080134","45",NA,1.500000000000000,"8","-0.681818182","0",3 moderate,y,y,"70","18.4","68",957.881124799999952,elm,"16","47",maple,"8","81.5",maple,na,na,na,"20.7","-0.284860558","0.819","0.58","215.3333333","215.3333333","1196.666667","0.781383879","350.4666667","3.294305001","20.5","20.73333333",very cloudy,fair,0.846804141998291
NA,8/22/15 0:00,ACMA,7.800000000000000,Fair,"31",NA,NA,Volunteer,NA,NA,NA,"131661",NA,NA,NA,NA,NA,NA,NA,NA,NA,NA,Sapindaceae,Acer,"Maple, Bigleaf",Acer macrophyllum,"14969",strip,"3.5",No HV,Improved,Small,833-839 NE FAILING ST,King,streettrees,BM31,-122.656808200000000,45.550851729999998,"117",8/17/2021,BM31,BLM,Maple,regular,12:31:00.000,King,2. H disin. C investment,9th/failing,S,8.000000000000000,"-1.293398533","32",NA,2.000000000000000,"10","-0.475687104","10",2 minor,n,y,"70","4","12.5",62.093710940000001,unk,n,n,n,"5","20, c-2",dogwood,n,n,n,"54.63333333","2.142694064","0.727","-1.470588235","209.6666667","209.6666667","782.6666667","-1.275582573",NA,NA,NA,NA,cloudy,fair,0.660574913024902
NA,9/24/15 14:46,THPL,42.100000000000001,Fair,"94",NA,NA,Staff,NA,NA,NA,"134626",NA,NA,NA,NA,NA,NA,NA,NA,NA,NA,Cupressaceae,Thuja,Western Redcedar,Thuja plicata,"15288",strip,"4",No HV,Improved,Medium,4304 NE MALLORY AVE,King,streettrees,WRC31,-122.663397599999996,45.554647780000003,"116",8/17/2021,WRC31,WRC,Conifer,regular,11:52:00.000,King,2. H disin. C investment,skidmore/mallory,S,22.199999999999999,"0.65442404","114",NA,2.000000000000000,"15","1.765734266","25",3 moderate,n,y,"70","11.4","95.5",668.940067999999997,wrc,"17.4","30",poplar,n,n,n,n,n,n,"15.56666667","-0.796148738","0.804","0.28","193","193","1018","-0.183443136",NA,NA,NA,NA,cloudy,fair,0.700488567352295
NA,9/24/15 16:13,PSME,18.800000000000001,Good,"92",NA,NA,Staff,NA,NA,NA,"136258",NA,NA,NA,NA,NA,NA,NA,NA,NA,NA,Pinaceae,Pseudotsuga,Douglas-Fir,Pseudotsuga menziesii,"15480",strip,"9.5",No HV,Improved,Large,5764 NE MALLORY AVE,King,streettrees,DF27,-122.663624799999994,45.564892780000001,"111",8/10/2021,DF27,DF,Conifer,regular,01:43:00.000,King,2. H disin. C investment,Mallory/Jarrett,S,21.199999999999999,"-0.431034483","55",NA,2.000000000000000,"12","0.031662269","0",1 no,n,y,"75",n,n,1263.259279000000106,n,"5","29",Col. Spruce,"11.4","110.5",elm,"19.8","85.5",elm,"11.3","-0.781428571","0.825","0.536585366","191.3333333","191.3333333","1098.666667","-0.162808518","119.9","-0.076311031","29.06666667","29.3",sun,good,0.777689456939697
NA,9/24/15 19:49,PSME,7.500000000000000,Fair,"71",NA,NA,Staff,NA,NA,NA,"139339",NA,NA,NA,NA,NA,NA,NA,NA,NA,NA,Pinaceae,Pseudotsuga,Douglas-Fir,Pseudotsuga menziesii,"15883",strip,"8.3",No HV,Improved,Large,5225 NE GARFIELD AVE,King,streettrees,DF26,-122.662713199999999,45.560985010000003,"108",8/10/2021,DF26,DF,Conifer,regular,12:24:00.000,King,2. H disin. C investment,Garfield/Emerson,S,18.199999999999999,"-0.775862069","33",NA,1.000000000000000,"5.5","-1.683377309","5",1 no,y,y,"60","11.4","14",978.425487699999962,maple,"4","25.5",red oak,"10.4","80",Df,"6","52",hawthorne,"11","-0.824285714","0.81","0.170731707","213.6666667","213.6666667","1125","-0.022026196","85.33333333","-0.493027928","27.96666667","28.16666667",sun,good,0.699275910854340
NA,9/24/15 14:46,THPL,35.600000000000001,Fair,"82",NA,NA,Staff,NA,NA,NA,"139602",NA,NA,NA,NA,NA,NA,NA,NA,NA,NA,Cupressaceae,Thuja,Western Redcedar,Thuja plicata,"15887",strip,"4",No HV,Improved,Medium,217 NE SKIDMORE ST,King,streettrees,WRC30,-122.663250199999993,45.554648899999997,"115",8/17/2021,WRC30,WRC,Conifer,regular,11:47:00.000,King,2. H disin. C investment,skidmore/mallory,S,21.800000000000001,"0.587646077","95.5",NA,2.000000000000000,"12","0.716783217","5",3 moderate,n,y,"70","9","65",1296.081631999999900,birch,"12.4","22.5",plum,"11.4","114",wrc,n,n,n,NA,NA,"0.8193333333","0.586666666","208.3333333","208.3333333","1157.333333","0.568977931",NA,NA,NA,NA,cloudy,fair,0.676705241203308
NA,9/24/15 16:42,THPL,33.700000000000003,Fair,"79",NA,NA,Staff,NA,NA,NA,"139663",NA,NA,NA,NA,NA,NA,NA,NA,NA,NA,Cupressaceae,Thuja,Western Redcedar,Thuja plicata,"15888",other,NA,No HV,Unimproved,Large,211 NE JESSUP ST,King,streettrees,WRC28,-122.663189599999995,45.564048530000001,"109",8/10/2021,WRC28,WRC,Conifer,regular,12:53:00.000,King,2. H disin. C investment,Mallory/Jessup,S,22.399999999999999,"0.687813022","70",NA,1.000000000000000,"8.5","-0.506993007","20",3 moderate,y,y,"20","4","89",2810.242642000000160,wrc,"6","91",norway maple,"10.8","48.5",chestnut,n,n,n,"18.1","-0.543824701","0.7843333333","-0.113333334","201.3333333","201.3333333","983","-0.372448429","69.1","-0.718339989","28.53333333","28.76666667",sun,fair,0.709889173507690
NA,9/23/15 17:46,ACPL,24.800000000000001,Fair,"58",NA,NA,Staff,NA,NA,NA,"140323",NA,NA,NA,NA,NA,NA,NA,NA,NA,NA,Sapindaceae,Acer,"Maple, Norway",Acer platanoides,"15971",strip,"8.5",No HV,Improved,Large,5134 NE MALLORY AVE,King,streettrees,NM24,-122.663379000000006,45.560461869999997,"104",8/10/2021,NM24,Norway,Maple,regular,10:49:00.000,King,2. H disin. C investment,Sumner/Mallory,S,10.800000000000001,"-0.24382716","55",NA,2.000000000000000,"15","0.765846383","0",1 no,n,y,"70","21.4","65",1331.925741999999900,Norway maple,"7","72.5",Norway maple,"9","71.5",BLM,"25","67",Chestnut,"40.9","-0.215139442","0.7453333333","-0.440476191","222.6666667","222.6666667","888.6666667","-0.428622172","155.1666667","-0.267954363","26.56666667","26.76666667",sun,fair,0.623641014099121
NA,9/23/15 17:12,ACMA,37.000000000000000,Fair,"85",NA,NA,Staff,NA,NA,NA,"140353",NA,NA,NA,NA,NA,NA,NA,NA,NA,NA,Sapindaceae,Acer,"Maple, Bigleaf",Acer macrophyllum,"15977",strip,"4.7",High voltage,Improved,Medium,133 NE WYGANT ST,King,streettrees,BM30,-122.663701099999997,45.557944769999999,"113",8/17/2021,BM30,BLM,Maple,regular,10:52:00.000,King,2. H disin. C investment,Mallory/Wygant,S,10.000000000000000,"-0.804400978","103",NA,2.000000000000000,"11","-0.264270613","25",1 no,n,y,"70","20","70",457.008258099999978,cedar,"19.2","50",spruce,"10.8","45.5",birch,"15","30, c-4",maple,"49.26666667","1.223744292","0.7886666667","0.343137256","197.6666667","197.6666667","945","-0.288753799",NA,NA,NA,NA,cloudy,fair,0.650492727756500
NA,9/23/15 17:46,ACPL,26.899999999999999,Fair,"62",NA,NA,Staff,NA,NA,NA,"140398",NA,NA,NA,NA,NA,NA,NA,NA,NA,NA,Sapindaceae,Acer,"Maple, Norway",Acer platanoides,"16001",strip,"8.5",High voltage,Improved,Medium,5134 NE MALLORY AVE,King,streettrees,NM26,-122.663662299999999,45.560311130000002,"106",8/10/2021,NM26,Norway,Maple,regular,11:30:00.000,King,2. H disin. C investment,Sumner/Mallory,S,13.600000000000000,"0.62037037","65",NA,2.000000000000000,"12","0.542132737","40",3 moderate,n,y,"70","21.4","35.5",157.267673800000011,plum,n,n,n,"21.4","55",BLM,n,n,n,"39.4","-0.513944223","0.7426666667","-0.488095238","218.6666667","218.6666667","852.3333333","-0.632398579","58.06666667","-0.957487099","27.83333333","28.03333333",sun,poor,0.779334723949432
NA,9/23/15 17:46,ACPL,21.100000000000001,Fair,"51",NA,NA,Staff,NA,NA,NA,"140399",NA,NA,NA,NA,NA,NA,NA,NA,NA,NA,Sapindaceae,Acer,"Maple, Norway",Acer platanoides,"16002",strip,"8.5",High voltage,Improved,Medium,5134 NE MALLORY AVE,King,streettrees,NM25,-122.663662299999999,45.560395399999997,"105",8/10/2021,NM25,Norway,Maple,regular,11:12:00.000,King,2. H disin. C investment,Sumner/Mallory,S,13.400000000000000,"0.558641975","72.5",NA,1.000000000000000,"12","0.542132737","40",2 minor,n,y,"70",n,n,931.542013900000029,n,"6","43",norway maple,"9","58",blm,"6","55",norway maple,"41.56666667","-0.082337317","0.7526666667","-0.309523809","194.3333333","194.3333333","787.6666667","-0.995083193","53.7","-0.988495952","27.36666667","27.56666667",sun,fair,0.787808179855347
NA,9/21/15 17:07,ACMA,15.600000000000000,Fair,"45",NA,NA,Staff,NA,NA,NA,"141590",NA,NA,NA,NA,NA,NA,NA,NA,NA,NA,Sapindaceae,Acer,"Maple, Bigleaf",Acer macrophyllum,"16194",strip,"9.4",No HV,Improved,Large,5913-5919 NE MALLORY AVE,King,streettrees,BM29,-122.663751500000004,45.565792389999999,"112",8/10/2021,BM29,BLM,Maple,regular,02:00:00.000,King,2. H disin. C investment,Jarret/Mallory,S,14.199999999999999,"0.222493888","45.5",NA,2.000000000000000,"8","-0.898520085","0",1 no,n,y,"50","10.8","105.5",1350.266356999999971,black locust,"6","38.5",small leaf lime,"6","45",norway spruce,"7","27",silver maple,"35.06666667","-1.207762557","0.8073333333","0.892156862","245.6666667","245.6666667","1277.333333","1.731509625","102.9","-1.288124594","29.73333333","30",sun,fair,0.807811975479126
"104661",8/30/17,PSME,20.600000000000001,Fair,"102","35","21",staff,"12",8/30/17,12/17/20,"2525","3221.01","934.9","60.64","17.8","1.16","50.8","3.4","6.17","13.7","10.72",Pinaceae,Pseudotsuga,Douglas-fir,Pseudotsuga menziesii,NA,NA,NA,NA,NA,NA,NA,Lents,parktrees,DF9,-122.572042400000001,45.488347970000000,"27",7/22/2021,DF9,DF,Conifer,low,10:55:00.000,Lents,2. H disin. C investment,Lents park,P,36.000000000000000,"1.270114943","90",NA,1.000000000000000,"14","0.559366755","25",2 minor,y,n,"10","10.8","98",2082.892836999999872,DF,"134","56",Doug,"12","34.5",Elm,"4","81",Doug,"14.36666667","-0.343333333","0.6906666667","-2.739837398","199.6666667","199.6666667","644.6666667","-2.589967032","116.9333333","-0.112075548","21.96666667","22.26666667",NA,fair,0.805190086364746
"105058",8/30/17,PSME,18.899999999999999,Fair,"70","37","38",staff,"7",8/30/17,12/17/20,"2531","2704.82","825.6","53.55","15.7","1.02","85.8","5.74","10.42","23.1","17.18",Pinaceae,Pseudotsuga,Douglas-fir,Pseudotsuga menziesii,NA,NA,NA,NA,NA,NA,NA,Lents,parktrees,DF8,-122.571751899999995,45.488890800000000,"26",7/22/2021,DF8,DF,Conifer,regular,10:33:00.000,Lents,2. H disin. C investment,Lents park,P,23.600000000000001,"-0.155172414","51.5",NA,1.500000000000000,"10.5","-0.364116095","10",1 no,y,n,"5","18.8","26.5",2777.613816999999926,DF,"6","113.5",DF,"6","80",DF,"25","84.5",oak,"12.43333333","-0.61952381","0.8023333333","-0.016260163","217.3333333","217.3333333","1122.666667","-0.034500579","135.8","0.115370705","22.76666667","22.96666667",NA,fair,0.767490267753601
"107061",8/31/17,ACPL,21.399999999999999,Fair,"48","51","38",staff,"6",8/31/17,12/17/20,"2584","5618.56","2124.6","137.81","42.3","2.75","87","5.82","10.57","23.4","19.13",Sapindaceae,Acer,Norway maple,Acer platanoides,NA,NA,NA,NA,NA,NA,NA,Lents,parktrees,NM7,-122.569130599999994,45.487981679999997,"30",7/22/2021,NM7,Norway,Maple,low,11:59:00.000,Lents,2. H disin. C investment,Lents park,P,15.000000000000000,"1.052469136","57",NA,1.500000000000000,"12.5","0.579418345","0",4 heavy,y,y,"30","18.4","38.5",756.982054899999980,cedar,"9.8","60.5",norway maple,"21.4","37.5",spruce,"12","73",norway maple,"34.26666667","-1.536520584","0.6233333333","-2.61904762","234.6666667","234.6666667","625.6666667","-1.903664236","53.3","-0.991336458","23.9","24.1",NA,fair,0.790648281574249
"109463",9/1/17,THPL,40.200000000000003,Fair,"75","42","51",staff,"4",9/1/17,12/17/20,"3257","11287.81","2659.2","172.49","27.4","1.78","134.7","9","16.36","36.2","27.14",Cupressaceae,Thuja,western redcedar,Thuja plicata,NA,NA,NA,NA,NA,NA,NA,Lents,parktrees,WRC7,-122.571502699999996,45.487483330000003,"29",7/22/2021,WRC7,WRC,Conifer,regular,11:40:00.000,Lents,2. H disin. C investment,Lents park,P,23.000000000000000,"0.787979967","104.5",NA,1.000000000000000,"15","1.765734266","0",4 heavy,y,n,"0",n,n,2223.569594000000052,n,n,n,n,"22.4","86",wrc,"6","122.5",doug,"20.13333333","-0.341301461","0.8036666667","0.273333334","205","205","1046","-0.032238903","109.3","-0.145037079","22.76666667","23.03333333",NA,fair,0.792771041393280
"110658",9/1/17,THPL,46.000000000000000,Fair,"83","36","43",staff,"4",9/1/17,12/17/20,"2628","13582.52","3347.2","217.11","32.2","2.09","101.1","6.76","12.28","27.2","21.13",Cupressaceae,Thuja,western redcedar,Thuja plicata,NA,NA,NA,NA,NA,NA,NA,Lents,parktrees,WRC6,-122.571507800000006,45.487643919999996,"28",7/22/2021,WRC6,WRC,Conifer,mod,11:18:00.000,Lents,2. H disin. C investment,Lents park,P,24.800000000000001,"1.088480801",NA,NA,1.000000000000000,"13","1.066433566","0",3 moderate,y,n,"0",n,n,2679.808579999999893,n,"5","122.5",Df,"18","86",wrc,n,n,n,"27","0.342629482","0.715","-1.5","210.6666667","210.6666667","757","-1.592882601","148.7333333","0.417332192","22.36666667","22.56666667",NA,fair,0.736299633979797
NA,9/15/14 19:22,PSME,22.699999999999999,Good,"99",NA,NA,Staff,NA,NA,NA,"54528",NA,NA,NA,NA,NA,NA,NA,NA,NA,NA,Pinaceae,Pseudotsuga,Douglas-Fir,Pseudotsuga menziesii,"6324",CNS,NA,None,Unimproved,Large,8108 SE 86TH AVE,Lents,streettrees,DF10,-122.574401899999998,45.464905690000002,"36",7/22/2021,DF10,DF,Conifer,regular,01:59:00.000,Lents,2. H disin. C investment,86th/Crystal Springs,S,17.600000000000001,"-0.844827586","65",NA,0.500000000000000,"10.5","-0.364116095","0",3 moderate,n,y,"60","10.4","88",906.491907699999956,doug fir,n,n,n,n,n,n,"10","64",DF,"17.6","0.118571429","0.822","0.463414634","164.6666667","164.6666667","936.6666667","-1.028887107","173.9666667","0.575487241","26.76666667","26.96666667",NA,fair,0.698293924331665
NA,10/10/14 18:33,ACMA,30.000000000000000,Fair,"72",NA,NA,Staff,NA,NA,NA,"68505",NA,NA,NA,NA,NA,NA,NA,NA,NA,NA,Sapindaceae,Acer,"Maple, Bigleaf",Acer macrophyllum,"7930",NCNS,NA,None,Unimproved,Large,7504 SE 105TH AVE,Lents,streettrees,BM11,-122.555689599999994,45.467978340000002,"40",7/27/2021,BM11,BLM,Maple,regular,11:51:00.000,Lents,2. H disin. C investment,105/rex,S,17.199999999999999,"0.95599022","101",NA,1.500000000000000,"17.5","1.109936575","0",2 minor,y,n,"25","8","42, c-3",347.240797299999997,hawthorne,"2.5","30, c-2",chestnut,"13.4","40",willow,"13","30",laurel,"47.16666667","0.864155251","0.7623333333","-0.43137255","195","195","824.6666667","-1.020263424","284.6","0.396310374","25.26666667","25.5",sun,good,0.872151672840118
NA,10/22/14 20:31,ACMA,7.500000000000000,Poor,"30",NA,NA,Staff,NA,NA,NA,"68963",NA,NA,NA,NA,NA,NA,NA,NA,NA,NA,Sapindaceae,Acer,"Maple, Bigleaf",Acer macrophyllum,"7965",NCNS,NA,High voltage,Unimproved,Medium,7905 SE 101ST AVE,Lents,streettrees,BM10,-122.559318800000000,45.465750470000003,"39",7/27/2021,BM10,BLM,Maple,regular,11:25:00.000,Lents,2. H disin. C investment,101st/Mt. Scott,S,8.600000000000000,"-1.146699267","30",NA,2.000000000000000,"10","-0.475687104","15",2 minor,y,n,"30","13.8","54",1442.299723999999969,birch,"14","10",laurel,"8","112",blm,"2","10",laurel,"44.6","0.424657534","0.761","-0.470588235","224","224","1038.333333","0.278622087","291.7666667","0.46274837","25.1","25.36666667",hazy,good,0.825961410999298
NA,7/18/16 19:33,THPL,13.699999999999999,Fair,"42",NA,NA,Staff,NA,NA,NA,"169822",NA,NA,NA,NA,NA,NA,NA,NA,NA,NA,Cupressaceae,Thuja,Western Redcedar,Thuja plicata,"20184",CNS,NA,None,Unimproved,Large,NA,Lents,streettrees,WRC9,-122.564508099999998,45.466403390000004,"38",7/27/2021,WRC9,WRC,Conifer,regular,11:04:00.000,Lents,2. H disin. C investment,Scott Mt. Apartments,S,15.199999999999999,"-0.514190317",NA,NA,0.000000000000000,NA,NA,"0",2 minor,n,y,"25","4","60",910.405693100000008,wrc,"6","15",maple,"10.4","42",oak,"12","25",maple,"17.73333333","-0.580345286","0.8066666667","0.333333334","203.3333333","203.3333333","1051","-0.005238147","168.8","0.703508272","24.4","24.6",sun,good,0.867986738681793
NA,7/13/16 21:08,ACPL,22.199999999999999,Fair,"53",NA,NA,Staff,NA,NA,NA,"171372",NA,NA,NA,NA,NA,NA,NA,NA,NA,NA,Sapindaceae,Acer,"Maple, Norway",Acer platanoides,"20510",strip,"12",Other,Improved,Large,5506 SE 89TH AVE,Lents,streettrees,NM10,-122.570878500000006,45.482678419999999,"35",7/22/2021,NM10,Norway,Maple,regular,01:19:00.000,Lents,2. H disin. C investment,89th/Ellis,S,11.600000000000000,"0.00308642","63",NA,2.000000000000000,"18","0.98956003","0",2 minor,n,y,"70","16.4","60",284.565846099999987,Doug,"22.8","35",pear,n,n,n,"19.8","42",beech,"44.16666667","0.43559097","0.8026666667","0.583333334","213.6666667","213.6666667","1086.333333","0.679996261","160.9","-0.227240449","25.03333333","25.3",NA,fair,0.785877525806427
NA,7/13/16 21:08,ACPL,17.399999999999999,Fair,"44",NA,NA,Staff,NA,NA,NA,"171738",NA,NA,NA,NA,NA,NA,NA,NA,NA,NA,Sapindaceae,Acer,"Maple, Norway",Acer platanoides,"20613",strip,"11.7",High voltage,Improved,Medium,5427 SE 89TH AVE,Lents,streettrees,NM9,-122.571000499999997,45.483120030000002,"34",7/22/2021,NM9,Norway,Maple,regular,01:05:00.000,Lents,2. H disin. C investment,89th/Ellis,S,7.600000000000000,"-1.231481481","51",NA,1.000000000000000,"8","0.243847875","20",1 no,n,y,"60","14","30",697.715930400000047,cherry,"2.5","39.5",norway maple,n,n,n,"8","40",laurel,"50.16666667","1.630810093","0.804","0.607142857","233.3333333","233.3333333","1194.333333","1.285716956","142.9333333","-0.354826492","25.56666667","25.83333333",NA,fair,0.733844876289368
NA,7/14/16 20:26,PSME,23.300000000000001,Fair,"101",NA,NA,Staff,NA,NA,NA,"171987",NA,NA,NA,NA,NA,NA,NA,NA,NA,NA,Pinaceae,Pseudotsuga,Douglas-Fir,Pseudotsuga menziesii,"20674",NCNS,NA,None,Unimproved,Large,10405 SE KNAPP ST,Lents,streettrees,DF11,-122.555970400000007,45.470184150000001,"41",7/27/2021,DF11,DF,Conifer,regular,12:12:00.000,Lents,2. H disin. C investment,105/Knapp,S,25.199999999999999,"0.028735632","64.5",NA,1.500000000000000,"12.1","0.058047493","10",1 no,n,n,"20","2","59",1635.880957000000080,deoder cedar,n,n,n,"10.2","40",DF,"19.4","60",deoder cedar,"22.7","0.847142857",NA,NA,NA,NA,NA,NA,"194.5666667","0.823829616","26.1","26.36666667",sun,good,0.785543859004974
NA,7/15/16 21:24,ACMA,26.100000000000001,Fair,"65",NA,NA,Staff,NA,NA,NA,"172143",NA,NA,NA,NA,NA,NA,NA,NA,NA,NA,Sapindaceae,Acer,"Maple, Bigleaf",Acer macrophyllum,"20697",strip,"11.3",None,Improved,Large,5334 SE 89TH AVE,Lents,streettrees,BM9,-122.570878899999997,45.483792450000003,"33",7/22/2021,BM9,BLM,Maple,regular,12:45:00.000,Lents,2. H disin. C investment,89th/Steele,P,17.000000000000000,"0.907090465","68.5",NA,1.500000000000000,"14","0.369978858","15",3 moderate,n,y,"50","4","80",1510.242267999999967,DF,"11.8","53.5",BLM,"13.8","15",cedar,"11.8","27.5",maple,"37.9","-0.72260274","0.7846666667","0.225490197","247.6666667","247.6666667","1153.666667","0.979736576","190.4","-0.476963011","25.2","25.4",NA,fair,0.781742155551910
NA,7/15/16 21:24,ACMA,22.199999999999999,Fair,"58",NA,NA,Staff,NA,NA,NA,"172177",NA,NA,NA,NA,NA,NA,NA,NA,NA,NA,Sapindaceae,Acer,"Maple, Bigleaf",Acer macrophyllum,"20701",strip,"11.3",None,Improved,Large,5328 SE 89TH AVE,Lents,streettrees,BM8,-122.570876299999995,45.483997330000001,"32",7/22/2021,BM8,BLM,Maple,regular,12:33:00.000,Lents,2. H disin. C investment,89th/Steele,P,16.000000000000000,"0.662591687","57",NA,2.000000000000000,"15","0.581395349","10",4 heavy,n,n,"50","7","105",1758.051030000000083,DF,"6","50.5",BLM,"9","11",maple,"9","45",chestnut,"35.76666667","-1.087899543","0.7756666667","-0.039215685","216.3333333","216.3333333","966.6666667","-0.15704154","178","-0.591916195","25.36666667","25.6",NA,fair,0.729739248752594
NA,7/15/16 22:09,ACPL,24.399999999999999,Fair,"57",NA,NA,Staff,NA,NA,NA,"172194",NA,NA,NA,NA,NA,NA,NA,NA,NA,NA,Sapindaceae,Acer,"Maple, Norway",Acer platanoides,"20705",curbtight,NA,None,Improved,Large,4700 SE 88TH AVE,Lents,streettrees,NM8,-122.568755199999998,45.488076360000001,"31",7/22/2021,NM8,Norway,Maple,mod,12:14:00.000,Lents,2. H disin. C investment,Lents park,P,9.400000000000000,"-0.675925926","65.5",NA,1.500000000000000,"12.7","0.594332588","40",3 moderate,y,n,"75",n,n,120.988516300000001,n,n,n,n,"11.8","38.5",wrc,"12.8","27, c-2",cedar,"35.96666667","-1.197875166","0.7003333333","-1.24404762","197","197","661.6666667","-1.701757338","65.86666667","-0.90209724","25.1","25.3",NA,poor,0.682137370109558
NA,7/15/16 14:17,THPL,5.900000000000000,Fair,"27",NA,NA,Staff,NA,NA,NA,"173623",NA,NA,NA,NA,NA,NA,NA,NA,NA,NA,Cupressaceae,Thuja,Western Redcedar,Thuja plicata,"20843",CNS,NA,None,Unimproved,Large,9933 SE CLATSOP ST,Lents,streettrees,WRC8,-122.560331599999998,45.461943239999997,"37",7/27/2021,WRC8,WRC,Conifer,low,10:40:00.000,Lents,2. H disin. C investment,Clatsop st/Clatsop Ct,S,6.400000000000000,"-1.983305509","22",NA,0.000000000000000,"6","-1.381118881","10",3 moderate,n,y,"30","14.6","20",431.954098299999998,conifer,"1.5","23, c-2",cherry,"2.5","12",maple,"1","17",cherry,"18.26666667","-0.527224436","0.692","-1.96","211","211","714.3333333","-1.823289052","125.1","0.08029093","23.8","24",mix,fair,0.805735886096954
NA,7/17/15 16:15,THPL,10.000000000000000,Poor,"35",NA,NA,Staff,NA,NA,NA,"103071",NA,NA,NA,NA,NA,NA,NA,NA,NA,NA,Cupressaceae,Thuja,Western Redcedar,Thuja plicata,"11858",NCNS,NA,High voltage,Unimproved,Medium,NA,Parkrose,streettrees,WRC24,-122.547587800000002,45.555196309999999,"92",8/5/2021,WRC24,WRC,Conifer,regular,10:35:00.000,Parkrose,1. H+C disinvestment,Senn's dairy city park,P,9.000000000000000,"-1.549248748","28.5",NA,1.500000000000000,"4","-2.08041958","30",1 no,n,n,"40","13","50.1",692.824958700000025,madrone,"6","60",norway maple,"14.4","60, c-3",rhody,"17.4","10",ash,"25.13333333","0.156706507","0.8063333333","0.326666666","212.6666667","212.6666667","1102.333333","0.271969615","99.16666667","-0.289551245","24.56666667","24.8",hazy,poor,0.762445867061615
NA,7/17/15 19:16,ACMA,40.000000000000000,Fair,"91",NA,NA,Staff,NA,NA,NA,"106703",NA,NA,NA,NA,NA,NA,NA,NA,NA,NA,Sapindaceae,Acer,"Maple, Bigleaf",Acer macrophyllum,"12287",NCNS,NA,High voltage,Unimproved,Medium,10906 NE SKIDMORE ST,Parkrose,streettrees,BM24,-122.550570899999997,45.553486700000001,"96",8/5/2021,BM24,BLM,Maple,regular,11:45:00.000,Parkrose,1. H+C disinvestment,109/skidmore,S,17.000000000000000,"0.907090465","156.5",NA,2.000000000000000,"16.5","0.898520085","10",2 minor,n,y,"40","7","50",1303.616537000000108,norway maple,"3","52",blm,"18","85",norway maple,n,n,n,"40.86666667","-0.214611872","0.794","0.5","216.6666667","216.6666667","1054.666667","0.377912867","290.9","0.454714008","26.46666667","26.73333333",hazy,fair,0.783013284206390
NA,8/7/15 18:23,PSME,29.199999999999999,Fair,"112",NA,NA,Staff,NA,NA,NA,"113332",NA,NA,NA,NA,NA,NA,NA,NA,NA,NA,Pinaceae,Pseudotsuga,Douglas-Fir,Pseudotsuga menziesii,"13202",CNS,NA,No HV,Unimproved,Large,4341 NE 114TH AVE,Parkrose,streettrees,DF23,-122.545162800000000,45.554261570000001,"94",8/5/2021,DF23,DF,Conifer,regular,11:16:00.000,Parkrose,1. H+C disinvestment,114/skidmore,S,23.600000000000001,"-0.155172414","84",NA,2.000000000000000,"15.5","0.955145119","20",3 moderate,n,y,"85","4","30",963.242065199999956,dogwood,"18","70",unk,"8","66.5",df,"20.4","60",df,"7.5","-1.324285714","0.8203333333","0.422764227","208","208","1451.666667","1.724387419","89.73333333","-0.439983926","24.46666667","24.7",hazy,fair,0.770713746547699
NA,6/24/15 0:00,ACPL,31.000000000000000,Fair,"69",NA,NA,Volunteer,NA,NA,NA,"114608",NA,NA,NA,NA,NA,NA,NA,NA,NA,NA,Sapindaceae,Acer,"Maple, Norway",Acer platanoides,"13381",NCNS,NA,High voltage,Unimproved,Medium,4421 NE 112TH AVE,Parkrose,streettrees,NM23,-122.547588200000007,45.554774979999998,"93",8/5/2021,NM23,Norway,Maple,regular,10:53:00.000,Parkrose,1. H+C disinvestment,Senn's dairy city park,P,7.800000000000000,"-1.169753086","83.5",NA,1.500000000000000,"16","0.840417599","30",2 minor,n,y,"15",n,n,1487.130662000000029,n,"20.4","36",cedar,"9","15",pine,"5","95",norway maple,"38.6","-0.673306773","0.8216666667","0.922619048","194.6666667","194.6666667","1096.333333","0.73608151","202.1","0.065331629","24.26666667","24.53333333",hazy,fair,0.798976778984070
NA,6/24/15 0:00,THPL,20.199999999999999,Fair,"54",NA,NA,Volunteer,NA,NA,NA,"115028",NA,NA,NA,NA,NA,NA,NA,NA,NA,NA,Cupressaceae,Thuja,Western Redcedar,Thuja plicata,"13406",NCNS,NA,No HV,Unimproved,Large,4205 NE 109TH AVE,Parkrose,streettrees,WRC25,-122.550767500000006,45.553127859999996,"97",8/5/2021,WRC25,WRC,Conifer,regular,11:59:00.000,Parkrose,1. H+C disinvestment,109/skidmore,S,19.800000000000001,"0.25375626","59.5",NA,1.500000000000000,"10.5","0.192307692","20",3 moderate,n,y,"70","16.4","102, c-4",692.555193600000052,dogwood,"14.8","80",doug fir,"17.4","20",magnolia,"21","75",maple,"26.1","0.252988048","0.7986666667","0.173333334","191","191","960.6666667","-0.493051805","121.1","0.023245864","26.63333333","26.93333333",hazy,fair,0.643503546714783
NA,6/24/15 0:00,PSME,13.800000000000001,Fair,"83",NA,NA,Volunteer,NA,NA,NA,"116020",NA,NA,NA,NA,NA,NA,NA,NA,NA,NA,Pinaceae,Pseudotsuga,Douglas-Fir,Pseudotsuga menziesii,"13488",NCNS,NA,No HV,Unimproved,Large,10734 NE SKIDMORE ST,Parkrose,streettrees,DF25,-122.551832899999994,45.553522409999999,"98",8/5/2021,DF25,DF,Conifer,regular,12:15:00.000,Parkrose,1. H+C disinvestment,107/skidmore,S,15.199999999999999,"-1.120689655","45.5",NA,1.500000000000000,"12","0.031662269","10",1 no,n,y,"60","11.4","17",215.138105700000011,maple,"8","25",dogwood,"4","60, c-6",cotonester,"11","15",dogwood,"19.06666667","0.328095238","0.834","0.756097561","156","156","946.3333333","-0.97720752","118.4","-0.094394213","27.5","27.76666667",hazy,fair,0.728129029273987
NA,8/7/15 18:27,PSME,24.800000000000001,Fair,"103",NA,NA,Staff,NA,NA,NA,"118401",NA,NA,NA,NA,NA,NA,NA,NA,NA,NA,Pinaceae,Pseudotsuga,Douglas-Fir,Pseudotsuga menziesii,"13747",CNS,NA,No HV,Unimproved,Large,4341 NE 114TH AVE,Parkrose,streettrees,DF24,-122.545242700000003,45.554265039999997,"95",8/5/2021,DF24,DF*,Conifer,regular,11:27:00.000,Parkrose,1. H+C disinvestment,114/skidmore,S,20.600000000000001,"-0.5","66.5",NA,1.500000000000000,"11","-0.232189974","5",3 moderate,n,y,"30","7","84",1244.686449999999923,df,"24.8","70",maple,"12.4","85, c-4",maple,"15.4","60",df,"11.03333333","-0.81952381","0.838","0.853658537","111.3333333","111.3333333","690","-2.347607592","139.6666667","0.161985132","25.4","25.63333333",hazy,fair,0.755476295948029
NA,8/20/15 14:57,ACMA,6.700000000000000,Fair,"29",NA,NA,Staff,NA,NA,NA,"122802",NA,NA,NA,NA,NA,NA,NA,NA,NA,NA,Sapindaceae,Acer,"Maple, Bigleaf",Acer macrophyllum,"14237",NCNS,NA,High voltage,Unimproved,Medium,3816 NE 109TH AVE,Parkrose,streettrees,BM25,-122.550572900000006,45.550774670000003,"99",8/5/2021,BM25,BLM,Maple,regular,12:34:00.000,Parkrose,1. H+C disinvestment,109/shaver,S,8.400000000000000,"-1.195599022",NA,NA,1.500000000000000,"9.5","-0.581395349","0",3 moderate,n,y,"40","4","56.5, c-2",522.797958300000005,blm,"6","40",Doug,n,n,n,n,n,n,"36.96666667","-0.882420091","0.7916666667","0.43137255","218.6666667","218.6666667","1053","0.367781155","209.2","-0.302679151","27.06666667","27.3",hazy,fair,0.701179742813110
NA,8/15/15 0:00,PSME,22.000000000000000,Fair,"98",NA,NA,Volunteer,NA,NA,NA,"123158",NA,NA,NA,NA,NA,NA,NA,NA,NA,NA,Pinaceae,Pseudotsuga,Douglas-Fir,Pseudotsuga menziesii,"14273",NCNS,NA,High voltage,Unimproved,Medium,4612 NE 109TH AVE,Parkrose,streettrees,DF30,-122.550594799999999,45.556644339999998,"132",8/19/2021,DF30,DF,Conifer,regular,11:51:00.000,Parkrose,1. H+C disinvestment,109/Wygant,S,14.400000000000000,"-1.212643678","57.5",NA,1.500000000000000,"14","0.559366755","60",1 no,n,y,"50","22","80",1248.469972000000098,doug,"2","48",doug,n,n,n,"13.8","45",walnut,"19.23333333","0.351904762","0.8393333333","0.886178861","186.6666667","186.6666667","1165","0.191820369",NA,NA,NA,NA,cloudy,fair,0.763011574745178
NA,8/20/15 14:57,ACMA,10.600000000000000,Fair,"36",NA,NA,Staff,NA,NA,NA,"123458",NA,NA,NA,NA,NA,NA,NA,NA,NA,NA,Sapindaceae,Acer,"Maple, Bigleaf",Acer macrophyllum,"14282",NCNS,NA,High voltage,Unimproved,Medium,3816 NE 109TH AVE,Parkrose,streettrees,BM26,-122.550574699999999,45.550821390000003,"100",8/5/2021,BM26,BLM,Maple,regular,12:42:00.000,Parkrose,1. H+C disinvestment,109/shaver,S,9.000000000000000,"-1.048899756",NA,NA,2.000000000000000,"11.5","-0.158562368","0",1 no,n,n,"70",n,n,184.711709500000012,n,"4","36.5, c-2",BLM,n,n,n,"14.8","32",BLM,"35.73333333","-1.093607306","0.7923333333","0.450980391","193","193","933.6666667","-0.357649443","295.4","0.496430889","26.9","27.13333333",hazy,good,0.718793153762817
NA,8/15/15 0:00,THPL,18.500000000000000,Fair,"50",NA,NA,Volunteer,NA,NA,NA,"124927",NA,NA,NA,NA,NA,NA,NA,NA,NA,NA,Cupressaceae,Thuja,Western Redcedar,Thuja plicata,"14411",strip,"7.1",High voltage,Improved,Medium,10817 NE FREMONT ST,Parkrose,streettrees,WRC26,-122.551336100000000,45.548420149999998,"102",8/5/2021,WRC26,WRC,Conifer,regular,01:10:00.000,Parkrose,1. H+C disinvestment,109/fremont,S,15.000000000000000,"-0.547579299","49",NA,1.000000000000000,"8","-0.681818182","40",1 no,n,n,"60","5","99.5",3191.724502999999913,DF,n,n,n,"4","90.5",wrc,"17.2","25",poplar,"23.1","-0.045816733","0.806","0.32","137.4186667","137.4186667","1154","0.550977427","78.76666667","-0.58048108","28.1","28.33333333",hazy,fair,0.766341328620911
NA,8/15/15 0:00,THPL,30.500000000000000,Fair,"73",NA,NA,Volunteer,NA,NA,NA,"124929",NA,NA,NA,NA,NA,NA,NA,NA,NA,NA,Cupressaceae,Thuja,Western Redcedar,Thuja plicata,"14413",strip,"7.1",High voltage,Improved,Medium,10809 NE FREMONT ST,Parkrose,streettrees,WRC27,-122.551471000000006,45.548422510000002,"103",8/5/2021,WRC27,WRC,Conifer,regular,01:24:00.000,Parkrose,1. H+C disinvestment,109/fremont,S,14.800000000000001,"-0.58096828","80",NA,0.000000000000000,"11","0.367132867","40",3 moderate,n,n,"40","4","90.5",2370.671389999999974,wrc,"15.4","95",df,"17.4","76",df,"11.8","25",poplar,"24.2","0.06374502","0.8243333333","0.686666666","207.3333333","207.3333333","1185.666667","0.721982216","61.53333333","-0.826250238","27.43333333","27.7",hazy,poor,0.792228937149048
NA,8/15/15 0:00,ACPL,9.600000000000000,Fair,"29",NA,NA,Volunteer,NA,NA,NA,"126626",NA,NA,NA,NA,NA,NA,NA,NA,NA,NA,Sapindaceae,Acer,"Maple, Norway",Acer platanoides,"14561",strip,"4.6",High voltage,Improved,Medium,9922 WI/ NE SANDY BLVD,Parkrose,streettrees,NM32,-122.559882099999996,45.558708729999999,"129",8/19/2021,NM32,Norway,Maple,regular,11:02:00.000,Parkrose,1. H+C disinvestment,100th/Sandy,S,10.400000000000000,"-0.367283951","30",NA,2.000000000000000,"8.5","0.281133482","30",1 no,n,y,"70",n,n,597.559311900000012,n,"18","40",eucalyptus,"3","43",norway maple,"22","49.5, c-2",pear,"44.43333333","0.488711819","0.7863333333","0.291666666","250","250","1175","1.177285474",NA,NA,NA,NA,cloudy,fair,0.677742183208466
NA,8/15/15 0:00,ACPL,11.199999999999999,Fair,"32",NA,NA,Volunteer,NA,NA,NA,"126627",NA,NA,NA,NA,NA,NA,NA,NA,NA,NA,Sapindaceae,Acer,"Maple, Norway",Acer platanoides,"14562",strip,"3.5",High voltage,Improved,Small,9922 WI/ NE SANDY BLVD,Parkrose,streettrees,NM33,-122.559885600000001,45.558896810000000,"130",8/19/2021,NM33,Norway,Maple,regular,11:17:00.000,Parkrose,1. H+C disinvestment,100th/Sandy,S,8.800000000000002,"-0.861111111","35",NA,2.000000000000000,"9","0.31841909","10",1 no,n,y,"70","19.4","20",368.181544499999973,maple,"22.4","30",Norway maple,"3","49.5, c-2",pear,n,n,n,"43.6","0.322709163",NA,NA,NA,NA,NA,NA,NA,NA,NA,NA,cloudy,good,0.583958566188812
NA,8/15/15 0:00,ACPL,11.100000000000000,Fair,"32",NA,NA,Volunteer,NA,NA,NA,"126628",NA,NA,NA,NA,NA,NA,NA,NA,NA,NA,Sapindaceae,Acer,"Maple, Norway",Acer platanoides,"14563",strip,"4.6",High voltage,Improved,Medium,9922 NE SANDY BLVD,Parkrose,streettrees,NM34,-122.559880399999997,45.559127910000001,"131",8/19/2021,NM34,Norway,Maple,low,11:28:00.000,Parkrose,1. H+C disinvestment,100th/Sandy,S,17.000000000000000,"1.669753086","38",NA,1.500000000000000,"10","0.392990306","0",1 no,n,y,"90",n,n,209.082149399999992,n,n,n,n,"4","30",cedar,"16.4","26",norway maple,"48.86666667","1.37184595","0.673","-1.732142857","221","221","794.3333333","-0.957693027",NA,NA,NA,NA,cloudy,good,0.569642126560211
NA,8/15/15 0:00,ACMA,6.700000000000000,Fair,"29",NA,NA,Volunteer,NA,NA,NA,"126638",NA,NA,NA,NA,NA,NA,NA,NA,NA,NA,Sapindaceae,Acer,"Maple, Bigleaf",Acer macrophyllum,"14569",NCNS,NA,High voltage,Unimproved,Medium,3826 NE 109TH AVE,Parkrose,streettrees,BM27,-122.550582000000006,45.550996929999997,"101",8/5/2021,BM27,BLM,Maple,regular,12:54:00.000,Parkrose,1. H+C disinvestment,109/shaver,S,10.000000000000000,"-0.804400978","32",NA,1.500000000000000,"8.5","-0.792811839","0",2 minor,n,n,"50",n,n,118.452544900000007,n,"14.8","56.5, c-2",BLM,n,n,n,"13.4","24",oak,"38.33333333","-0.648401827","0.7833333333","0.186274509","215","215","995.6666667","0.019250253","304.6","0.581718736","27.53333333","27.8",hazy,fair,0.675510168075562
"419197",10/1/18,ACPL,18.600000000000001,Fair,"38","42","42",staff,"5",10/1/18,12/17/20,"13059","4282.6","1548.4","100.44","35.4","2.3","77.5","5.18","9.41","20.9","16.89",Sapindaceae,Acer,Norway maple,Acer platanoides,NA,NA,NA,NA,NA,NA,NA,Powellhurst-Gilbert,parktrees,NM12,-122.543222999999998,45.487137609999998,"43",7/27/2021,NM12,Norway,Maple,low,01:04:00.000,Powellhurst,1. H+C disinvestment,Raymond park,P,10.600000000000000,"-0.305555556","46.5",NA,2.000000000000000,"10.5","0.430275913","5",1 no,n,n,"5","10.4","29.5",65.718518630000005,pine,n,n,n,n,n,n,n,n,n,"47.3","1.059760956","0.6576666667","-2.00595238","219","219","745","-1.234380258","104.9333333","-0.624674525","29.86666667","30.06666667",sun,fair,0.761259615421295
"419983",10/1/18,PSME,28.699999999999999,Fair,"83","41","38",staff,"5",10/1/18,12/17/20,"13071","6290.7","1907.6","123.73","27.1","1.76","97.2","6.5","11.8","26.1","20.06",Pinaceae,Pseudotsuga,Douglas-fir,Pseudotsuga menziesii,NA,NA,NA,NA,NA,NA,NA,Powellhurst-Gilbert,parktrees,DF13,-122.542406299999996,45.486379460000002,"45",7/27/2021,DF13,DF,Conifer,regular,01:15:00.000,Powellhurst,1. H+C disinvestment,Raymond park,P,23.000000000000000,"-0.224137931","74",NA,1.500000000000000,"6.5","-1.419525066","50",3 moderate,n,n,"15","2","87.5",4015.248629000000165,doug fir,"13.4","24",walnut,"11.8","88",df,"7","64",df,"14.56666667","-0.314761905","0.7866666667","-0.398373983","215.6666667","215.6666667","1015.666667","-0.606540141","145.4333333","0.231504923","31.36666667","31.63333333",sun,fair,0.759964406490326
"419989",10/1/18,ACPL,24.800000000000001,Fair,"43","54","46",staff,"5",10/1/18,12/17/20,"13077","7492.25","2964.8","192.31","51.1","3.31","109.9","7.34","13.34","29.6","24",Sapindaceae,Acer,Norway maple,Acer platanoides,NA,NA,NA,NA,NA,NA,NA,Powellhurst-Gilbert,parktrees,NM11,-122.542569499999999,45.486850519999997,"42",7/27/2021,NM11,Norway,Maple,mod,12:47:00.000,Powellhurst,1. H+C disinvestment,raymond park,P,12.199999999999999,"0.188271605","67",NA,1.500000000000000,"13.75","0.672632364","0",1 no,y,n,"10","20.4","157, c-4",437.759690999999975,cherry,"15.8","13",norway maple,"21","39.5",oak,"18.4","56",cherry,"45.66666667","0.73439575","0.7136666667","-1.00595238","252.3333333","252.3333333","900","-0.36505889","195.8333333","0.020830374","28.7","28.96666667",sun,good,0.794537186622620
"420380",10/1/18,PSME,26.800000000000001,Fair,"77","27","43",staff,"4",10/1/18,12/17/20,"13106","5480.09","1654.5","107.32","25.1","1.63","79.4","5.31","9.64","21.4","16.58",Pinaceae,Pseudotsuga,Douglas-fir,Pseudotsuga menziesii,NA,NA,NA,NA,NA,NA,NA,Powellhurst-Gilbert,parktrees,DF12,-122.542707199999995,45.486404839999999,"44",7/27/2021,DF12,DF,Conifer,regular,01:14:00.000,Powellhurst,1. H+C disinvestment,Raymond park,P,23.399999999999999,"-0.17816092","70.5",NA,1.500000000000000,"11.6","-0.073878628","30",3 moderate,y,n,"10","10.8","74.5",3763.546088000000054,Doug fir,n,n,n,"2","92.5",Doug fir,n,n,n,"15.1","-0.238571429","0.797","-0.146341463","225.3333333","225.3333333","1111.333333","-0.095090439","186.9666667","0.732208158","30.33333333","30.53333333",sun,fair,0.757784307003021
NA,7/22/15 17:23,PSME,20.600000000000001,Poor,"96",NA,NA,Staff,NA,NA,NA,"102298",NA,NA,NA,NA,NA,NA,NA,NA,NA,NA,Pinaceae,Pseudotsuga,Douglas-Fir,Pseudotsuga menziesii,"11623",CNS,NA,High voltage,Unimproved,Medium,13335 SE POWELL BLVD,Powellhurst-Gilbert,streettrees,DF14,-122.525314499999993,45.497860539999998,"53",7/28/2021,DF14,DF,Conifer,regular,12:11:00.000,Powellhurst,1. H+C disinvestment,powell/134,S,8.000000000000000,"-1.948275862","58.5",NA,2.000000000000000,"13.4","0.401055409","30",1 no,n,y,"40",n,n,336.189585899999997,n,"5","60, c-4",cedar,"4","31.5",pine,n,n,n,"13.16666667","-0.514761905","0.797","-0.146341463","196.6666667","196.6666667","992.6666667","-0.729501916","74.06666667","-0.628852723","31","31.23333333",sun,fair,0.699278235435486
NA,7/22/15 17:23,PSME,17.399999999999999,Poor,"90",NA,NA,Staff,NA,NA,NA,"102309",NA,NA,NA,NA,NA,NA,NA,NA,NA,NA,Pinaceae,Pseudotsuga,Douglas-Fir,Pseudotsuga menziesii,"11628",CNS,NA,High voltage,Unimproved,Medium,13335 SE POWELL BLVD,Powellhurst-Gilbert,streettrees,DF15,-122.525317599999994,45.498060140000000,"54",7/28/2021,DF15,DF,Conifer,regular,12:30:00.000,Powellhurst,1. H+C disinvestment,division/134,S,26.000000000000000,"0.120689655","69",NA,1.500000000000000,NA,NA,"20",1 no,n,n,"60","21","46.5",629.621764600000006,hemlock,"19.8","46",doug fir,"5","61, c-3",maple,"4","37",pine,"18.23333333","0.209047619","0.812","0.219512195","196.3333333","196.3333333","1045","-0.449719326","79.23333333","-0.566566205","31.16666667","31.43333333",sun,fair,0.651229023933411
NA,7/22/15 14:56,THPL,23.000000000000000,Fair,"59",NA,NA,Staff,NA,NA,NA,"103138",NA,NA,NA,NA,NA,NA,NA,NA,NA,NA,Cupressaceae,Thuja,Western Redcedar,Thuja plicata,"11859",NCNS,NA,High voltage,Unimproved,Medium,12505 SE KELLY ST,Powellhurst-Gilbert,streettrees,WRC13,-122.534554900000003,45.499122919999998,"55",7/28/2021,WRC13,WRC,Conifer,regular,01:01:00.000,Powellhurst,1. H+C disinvestment,kelly/122,S,9.000000000000000,"-1.549248748","75",NA,1.500000000000000,"11","0.367132867","50",1 no,n,y,"50","11.8","15",292.804403299999990,Jap. maple,n,n,n,"17.8","40, c-2",cherry,"16.8","125, c-3",maple,"19.66666667","-0.387782204","0.7823333333","-0.153333334","213.3333333","213.3333333","990","-0.33464737","59.93333333","-0.849068264","32.53333333","32.73333333",sun,fair,0.653886497020721
NA,7/23/15 19:19,ACPL,23.100000000000001,Fair,"54",NA,NA,Staff,NA,NA,NA,"108152",NA,NA,NA,NA,NA,NA,NA,NA,NA,NA,Sapindaceae,Acer,"Maple, Norway",Acer platanoides,"12516",NCNS,NA,High voltage,Unimproved,Medium,2547 SE 131ST AVE,Powellhurst-Gilbert,streettrees,NM13,-122.528580199999993,45.503312510000001,"51",7/28/2021,NM13,Norway,Maple,regular,11:39:00.000,Powellhurst,1. H+C disinvestment,division/131,S,9.500000000000000,"-0.645061728","61.5",NA,1.500000000000000,"16","0.840417599","30",1 no,n,y,"40","11.4","12.5",20.669562590000002,hackberry,"13.4","13",hackberry,n,n,n,n,n,n,"39.7","-0.454183267","0.7686666667","-0.023809523","209.6666667","209.6666667","909.3333333","-0.312712657","107.4666667","-0.606684657","28.23333333","28.5",sunny,good,0.739644706249237
NA,7/23/15 19:19,ACPL,15.000000000000000,Fair,"39",NA,NA,Staff,NA,NA,NA,"108153",NA,NA,NA,NA,NA,NA,NA,NA,NA,NA,Sapindaceae,Acer,"Maple, Norway",Acer platanoides,"12517",NCNS,NA,High voltage,Unimproved,Medium,2615 SE 131ST AVE,Powellhurst-Gilbert,streettrees,NM14,-122.528570400000007,45.502967480000002,"52",7/28/2021,NM14,Norway,Maple,low,11:50:00.000,Powellhurst,1. H+C disinvestment,division/131,S,12.400000000000000,"0.25",NA,NA,1.000000000000000,"14","0.691275168","0",1 no,n,y,"40","13.4","40",400.893600999999990,DF,"19.4","40",cherry,"16.8","72",NA,n,n,n,"40.73333333","-0.248339974","0.6723333333","-1.74404762","194.3333333","194.3333333","635.6666667","-1.847578987","55.93333333","-0.972636463","29.43333333","29.56666667",sun,fair,0.773771107196808
NA,7/29/15 0:00,THPL,26.000000000000000,Fair,"64",NA,NA,Volunteer,NA,NA,NA,"111163",NA,NA,NA,NA,NA,NA,NA,NA,NA,NA,Cupressaceae,Thuja,Western Redcedar,Thuja plicata,"12935",NCNS,NA,No HV,Unimproved,Large,4526 SE 115TH AVE,Powellhurst-Gilbert,streettrees,WRC10,-122.544422499999996,45.489269319999998,"46",7/27/2021,WRC10,WRC,Conifer,regular,02:02:00.000,Powellhurst,1. H+C disinvestment,115/holgate,S,19.399999999999999,"0.186978297","68",NA,2.000000000000000,"8.5","-0.506993007","25",3 moderate,y,y,"30",n,n,1111.938668000000007,n,"3","61",WRC,"15.8","20",holly,"14.4","46.5",DF,"72.13333333","4.837981408","0.8246666667","0.693333334","220.6666667","220.6666667","1259","1.117993304","83.33333333","-0.51535463","30.46666667","30.76666667",sun,fair,0.742984712123871
NA,7/29/15 0:00,THPL,24.199999999999999,Fair,"61",NA,NA,Volunteer,NA,NA,NA,"111164",NA,NA,NA,NA,NA,NA,NA,NA,NA,NA,Cupressaceae,Thuja,Western Redcedar,Thuja plicata,"12936",NCNS,NA,No HV,Unimproved,Large,4526 SE 115TH AVE,Powellhurst-Gilbert,streettrees,WRC11,-122.544421900000003,45.489351100000000,"47",7/27/2021,WRC11,WRC,Conifer,regular,02:12:00.000,Powellhurst,1. H+C disinvestment,115/Holgate,S,19.199999999999999,"0.153589316","61",NA,2.000000000000000,"8","-0.681818182","20",4 heavy,y,y,"70",n,n,920.224467499999946,n,"12.4","114",DF,"14.8","20",holly,"17.4","41",ash,"14.8","-0.87250996","0.8176666667","0.553333334","162.3333333","162.3333333","897.6666667","-0.833261331","76.06666667","-0.618986499","29.43333333","29.63333333",sun,fair,0.729156732559204
NA,8/6/15 15:18,ACMA,38.000000000000000,Fair,"87",NA,NA,Staff,NA,NA,NA,"113939",NA,NA,NA,NA,NA,NA,NA,NA,NA,NA,Sapindaceae,Acer,"Maple, Bigleaf",Acer macrophyllum,"13272",NCNS,NA,High voltage,Unimproved,Medium,2824 SE 103RD AVE,Powellhurst-Gilbert,streettrees,BM12,-122.557515800000004,45.501321089999998,"48",7/28/2021,BM12,BLM,Maple,regular,10:33:00.000,Powellhurst,1. H+C disinvestment,103/s. of Clinton,S,7.000000000000000,"-1.537897311","18",NA,2.500000000000000,"9.5","-0.581395349","50",1 no,n,n,"40","2","25",879.050518099999977,BLM,"3","25",BLM,"15.4","96",WRC,n,n,n,"41.93333333","-0.03196347","0.8046666667","0.813725491","180.6666667","180.6666667","927.6666667","-0.394123607","355","1.048947808","25.73333333","26.03333333",sun,fair,0.814161241054535
NA,8/6/15 20:10,ACMA,28.000000000000000,Fair,"68",NA,NA,Staff,NA,NA,NA,"114269",NA,NA,NA,NA,NA,NA,NA,NA,NA,NA,Sapindaceae,Acer,"Maple, Bigleaf",Acer macrophyllum,"13291",NCNS,NA,High voltage,Unimproved,Medium,2625 SE 98TH AVE,Powellhurst-Gilbert,streettrees,BM14,-122.562892800000000,45.503841389999998,"56",7/28/2021,BM14,BLM,Maple,regular,01:27:00.000,Powellhurst,1. H+C disinvestment,division/98,S,12.000000000000000,"-0.315403423",NA,NA,1.500000000000000,"12","-0.052854123","50",2 minor,n,n,"30","13.4","45",1396.294182000000092,maple,"1","38.5",wrc,"8","34",fig,n,n,n,"48.03333333","1.012557078","0.8103333333","0.980392156","459.3333333","459.3333333","807.2333333","-1.126241135","259.2","0.160841754","31.96666667","32.26666667",sun,fair,0.723006486892700
NA,8/6/15 15:18,ACMA,11.000000000000000,Fair,"37",NA,NA,Staff,NA,NA,NA,"115332",NA,NA,NA,NA,NA,NA,NA,NA,NA,NA,Sapindaceae,Acer,"Maple, Bigleaf",Acer macrophyllum,"13430",NCNS,NA,High voltage,Unimproved,Medium,2916 SE 103RD AVE,Powellhurst-Gilbert,streettrees,BM13,-122.557580799999997,45.501157810000002,"49",7/28/2021,BM13,BLM,Maple,regular,10:55:00.000,Powellhurst,1. H+C disinvestment,103/s. of Clinton,S,8.500000000000000,"-1.171149144","40",NA,1.000000000000000,"12","-0.052854123","20",2 minor,n,n,"40","2","40",837.733333300000027,BLM,n,n,n,"1.5","20",BLM,n,n,n,"48.53333333","1.098173516","0.7773333333","0.009803921","203.6666667","203.6666667","918.3333333","-0.450861196","302.7333333","0.564413955","25.13333333","25.33333333",sun,fair,0.885134577751160
NA,8/6/15 20:24,ACMA,59.200000000000003,Fair,"126",NA,NA,Staff,NA,NA,NA,"115391",NA,NA,NA,NA,NA,NA,NA,NA,NA,NA,Sapindaceae,Acer,"Maple, Bigleaf",Acer macrophyllum,"13443",NCNS,NA,No HV,Unimproved,Large,2625 SE 98TH AVE,Powellhurst-Gilbert,streettrees,BM15,-122.563151099999999,45.503582309999999,"57",7/28/2021,BM15,BLM,Maple,regular,01:41:00.000,Powellhurst,1. H+C disinvestment,powell/98,S,16.000000000000000,"0.662591687","120",NA,2.000000000000000,"20","1.638477801","20",2 minor,n,n,"25","12.4","30",139.516485100000011,maple,"4","20.5",cypress,n,n,n,n,n,n,"38.26666667","-0.659817352","0.7316666667","-1.333333332","214.3333333","214.3333333","868.6666667","-0.752786221","183.5","-0.540928896","31.13333333","31.4",NA,poor,0.745151817798615
"31074",7/15/17,ACPL,8.500000000000000,Fair,"30","29","29",volunteer,"5",7/15/17,12/17/20,"901","1017.71","265.5","17.22","13.2","0.85","42.8","2.86","5.19","11.5","8.91",Sapindaceae,Acer,Norway maple,Acer platanoides,NA,NA,NA,NA,NA,NA,NA,Rose City Park,parktrees,NM17,-122.606391700000003,45.532448520000003,"68",8/3/2021,NM17,Norway,Maple,regular,10:55:00.000,Rose city park,4. H+C investment,normandale park,P,9.000000000000000,"-0.799382716","24",NA,2.000000000000000,"11","0.467561521","30",1 no,n,n,"0",n,n,1672.490933999999925,n,"14.8","120",df,"7","86",df,"4","20",laurel,"47.13333333","1.026560425","0.7553333333","-0.261904763","201","201","826.3333333","-0.778220228","112.8","-0.568811248","26.43333333","26.6",sun,fair,0.851395606994629
"31854",7/15/17,ACPL,9.100000000000000,Fair,"32","27","28",volunteer,"7",7/15/17,12/17/20,"5283","1143.68","309.4","20.07","14.3","0.93","39.2","2.62","4.77","10.6","8.32",Sapindaceae,Acer,Norway maple,Acer platanoides,NA,NA,NA,NA,NA,NA,NA,Rose City Park,parktrees,NM15,-122.606394499999993,45.533086779999998,"66",8/3/2021,NM15,Norway,Maple,regular,10:26:00.000,Rose city park,4. H+C investment,normandale park,P,10.000000000000000,"-0.490740741","26",NA,2.000000000000000,"8.5","0.281133482","10",1 no,n,y,"0",n,n,516.384062500000027,n,"7","44.5",norway maple,"7","30",magnolia,"7","41.5",norway,"39.5","-0.494023904","0.789","0.339285714","188.6666667","188.6666667","904","-0.34262479","81","-0.794631444","26.3","26.53333333",sun,fair,0.811923563480377
"32254",7/15/17,ACPL,19.199999999999999,Fair,"52","37","42",volunteer,"8",7/15/17,12/17/20,"917","4553.13","1663.2","107.88","36.9","2.39","68.6","4.58","8.33","18.4","15.3",Sapindaceae,Acer,Norway maple,Acer platanoides,NA,NA,NA,NA,NA,NA,NA,Rose City Park,parktrees,NM16,-122.606399699999997,45.532800420000001,"67",8/3/2021,NM16,Norway,Maple,regular,10:45:00.000,Rose city park,4. H+C investment,normandale park,P,15.000000000000000,"1.052469136","53",NA,2.000000000000000,"14","0.691275168","0",1 no,n,y,"0",n,n,431.946900299999982,n,"7","54.5",norway maple,"5","15",norway,"6","22",norway maple,"38.6","-0.673306773","0.7713333333","0.023809523","207","207","908.3333333","-0.318321182","225.4666667","0.231264498","26.36666667","26.66666667",hazy,good,0.831114828586578
"32269",7/15/17,PSME,27.500000000000000,Fair,"97","43","42",volunteer,"23",7/15/17,12/17/20,"931","5772.28","1772.1","114.95","25.8","1.68","103.4","6.91","12.56","27.8","21.15",Pinaceae,Pseudotsuga,Douglas-fir,Pseudotsuga menziesii,NA,NA,NA,NA,NA,NA,NA,Rose City Park,parktrees,DF20,-122.605423299999998,45.531869899999997,"70",8/3/2021,DF20,DF,Conifer,regular,11:28:00.000,Rose city park,4. H+C investment,normandale park,P,29.000000000000000,"0.465517241","88",NA,1.500000000000000,"18.5","1.746701847","20",2 minor,n,n,"15","4","89",2319.838408999999956,df,"17","72",df,"11.4","26",ginko,"13","89",df,"9.666666667","-1.014761905","0.788","-0.365853659","239","239","1136.333333","0.038563664","80.5","-0.551295961","24.86666667","25.2",sun,fair,0.769352078437805
"48267",7/26/17,PSME,46.500000000000000,Fair,"117","61","60",staff,"3",7/26/17,12/17/20,"1357","13770.01","4951.6","321.18","47.7","3.09","206.5","13.8","25.08","55.5","41.97",Pinaceae,Pseudotsuga,Douglas-fir,Pseudotsuga menziesii,NA,NA,NA,NA,NA,NA,NA,Rose City Park,parktrees,DF19,-122.606346400000007,45.532238249999999,"69",8/3/2021,DF19,DF,Conifer,regular,11:11:00.000,Rose city park,4. H+C investment,normandale park,P,34.000000000000000,"1.040229885","120",NA,1.500000000000000,"18","1.614775726","0",2 minor,n,y,"0",n,n,712.377656999999999,n,"20.4","55.5",sweetgum,"18","30.5",beech,"10.5","86",doug,"21.73333333","0.709047619","0.814","0.268292683","267.3333333","267.3333333","1447.333333","1.701220707","154.9333333","0.346031746","26.5","26.73333333",sun,fair,0.809004187583923
"66262",8/10/17,THPL,12.100000000000000,Fair,"32","20","19",volunteer,"3",8/10/17,12/17/20,"5450","1084.38","136","8.82","3","0.2","29.1","1.95","3.54","7.8","5.68",Cupressaceae,Thuja,western redcedar,Thuja plicata,NA,NA,NA,NA,NA,NA,NA,Rose City Park,parktrees,WRC17,-122.599390999999997,45.538627679999998,"72",8/3/2021,WRC17,WRC,Conifer,regular,12:07:00.000,Rose city park,4. H+C investment,Rose city park (62/Tillamook),P,11.000000000000000,"-1.215358932","42",NA,0.500000000000000,"6.5","-1.206293706","0",4 heavy,n,y,"30","6","67.5",1167.409460000000081,walnut,"13","94",walnut,"19","30",catsura,n,n,n,"20.16666667","-0.337981408","0.7763333333","-0.273333334","215.6666667","215.6666667","971.6666667","-0.433650142","129","0.135909869","28.5","28.73333333",sun,fair,0.678491532802582
"67054",8/10/17,THPL,27.899999999999999,Good,"65","47","35",volunteer,"1",8/10/17,12/17/20,"1739","7923.5","1109.3","71.96","19.8","1.28","101.2","6.76","12.29","27.2","20.34",Cupressaceae,Thuja,western redcedar,Thuja plicata,NA,NA,NA,NA,NA,NA,NA,Rose City Park,parktrees,WRC19,-122.598746500000004,45.539423900000003,"77",8/3/2021,WRC19,WRC,Conifer,regular,01:33:00.000,Rose city park,4. H+C investment,51/siskyou,S,8.500000000000000,"-1.632721202","72.5",NA,2.000000000000000,"12.5","0.891608392","20",3 moderate,y,y,"65","12.4","80",633.194184999999948,wrc,"10","34.4",persian walnut,"13.4","40",norway maple,"11","24",beech,"20.2","-0.334661355","0.8013333333","0.226666666","246","246","1245.333333","1.044191237","86.16666667","-0.474947709","28.4","28.63333333",sun,fair,0.716023266315460
NA,NA,ACPL,11.900000000000000,Fair,"34",NA,NA,Volunteer,NA,NA,NA,"188498",NA,NA,NA,NA,NA,NA,NA,NA,NA,NA,Sapindaceae,Acer,"Maple, Norway",Acer platanoides,"22639",strip,"9.6",Other,Improved,Large,2745 NE 52ND AVE,Rose City Park,streettrees,NM18,-122.609756800000000,45.542809069999997,"75",8/3/2021,NM18,Norway,Maple,regular,01:00:00.000,Rose city park,4. H+C investment,stanton/52nd,S,10.000000000000000,"-0.490740741","34",NA,2.000000000000000,NA,NA,"10",1 no,y,y,"70","9.8","38",522.156421399999999,norway,"3","36.5",norway,"6","15",pear,"17.4","25",maple,"37.63333333","-0.865869854","0.8083333333","0.684523809","214.3333333","214.3333333","1125.666667","0.900598243","187.6666667","-0.037163282","28.33333333","28.56666667",sun,good,0.777049660682678
NA,NA,ACMA,7.900000000000000,Fair,"31",NA,NA,Volunteer,NA,NA,NA,"188499",NA,NA,NA,NA,NA,NA,NA,NA,NA,NA,Sapindaceae,Acer,"Maple, Bigleaf",Acer macrophyllum,"22640",strip,"9.6",None,Improved,Large,2825 NE 52ND AVE,Rose City Park,streettrees,BM19,-122.609743100000003,45.543135520000000,"76",8/3/2021,BM19,BLM,Maple,regular,01:11:00.000,Rose city park,4. H+C investment,stanton/52,S,11.800000000000001,"-0.364303178","28",NA,2.500000000000000,"9.5","-0.581395349","0",1 no,y,y,"50","5","23",1135.528567000000066,blm,"10.8","78",beech,"13.4","100.5",beech,"9.8","15",dogwood,"44.5","0.407534247","0.7956666667","0.549019609","223","223","1109","0.708206687","159.1666667","-0.76650907","28.46666667","28.73333333",sun,good,0.747484803199768
NA,NA,ACMA,10.600000000000000,Fair,"36",NA,NA,Volunteer,NA,NA,NA,"188507",NA,NA,NA,NA,NA,NA,NA,NA,NA,NA,Sapindaceae,Acer,"Maple, Bigleaf",Acer macrophyllum,"22646",strip,"9.7",High voltage,Improved,Medium,2746 NE 52ND AVE,Rose City Park,streettrees,BM18,-122.609610799999999,45.542758429999999,"74",8/3/2021,BM18,BLM,Maple,regular,12:45:00.000,Rose city park,4. H+C investment,stanton/52nd,S,12.500000000000000,"-0.193154034",NA,NA,2.500000000000000,"7.5","-1.00422833","20",1 no,y,y,"70","7","75, c-4",738.989724000000024,maple,"4","29.5",blm,"10","37",norway maple,"3","34",morway maple,"34.63333333","-1.28196347","0.799","0.647058824","214","214","1064.666667","0.438703141","116.1666667","-1.165137048","28.06666667","28.26666667",sun,fair,0.835751891136169
NA,NA,PSME,20.399999999999999,Fair,"95",NA,NA,Volunteer,NA,NA,NA,"193499",NA,NA,NA,NA,NA,NA,NA,NA,NA,NA,Pinaceae,Pseudotsuga,Douglas-Fir,Pseudotsuga menziesii,"23184",strip,"9.5",None,Improved,Large,3145 NE 48TH AVE,Rose City Park,streettrees,DF22,-122.613782700000002,45.546147650000002,"79",8/3/2021,DF22,DF,Conifer,regular,02:00:00.000,Rose city park,4. H+C investment,48/klickatat,S,17.000000000000000,"-0.913793103","59",NA,1.000000000000000,"12.5","0.163588391","5",1 no,n,y,"40","12.8","22",444.433895300000017,maple,"10","19.5",unk,"5","49.5",doug,n,n,n,"24.43333333","1.094761905","0.814","0.268292683","268","268","1448","1.704784817","59.96666667","-0.798834639","30.06666667","30.3",sun,fair,0.649894475936890
NA,NA,PSME,17.699999999999999,Fair,"90",NA,NA,Volunteer,NA,NA,NA,"193500",NA,NA,NA,NA,NA,NA,NA,NA,NA,NA,Pinaceae,Pseudotsuga,Douglas-Fir,Pseudotsuga menziesii,"23185",strip,"9.5",None,Improved,Large,3145 NE 48TH AVE,Rose City Park,streettrees,DF21,-122.613782000000000,45.546083359999997,"78",8/3/2021,DF21,DF,Conifer,low,01:51:00.000,Rose city park,4. H+C investment,48th/klickatat,S,17.000000000000000,"-0.913793103","49.5",NA,0.500000000000000,"9.5","-0.627968338","15",2 minor,n,y,"40","5","59",608.044565000000034,doug fir,"23","36",ash,"15.8","18.5",blm,n,n,n,"19.83333333","0.437619048","0.6796666667","-3.00813008","276","276","1070.333333","-0.314283169","52.03333333","-0.894474583","29.23333333","29.5",sun,fair,0.667967498302460
NA,NA,ACMA,41.500000000000000,Good,"93",NA,NA,Volunteer,NA,NA,NA,"195652",NA,NA,NA,NA,NA,NA,NA,NA,NA,NA,Sapindaceae,Acer,"Maple, Bigleaf",Acer macrophyllum,"23411",strip,"9.8",Other,Improved,Large,2104 NE 57TH AVE,Rose City Park,streettrees,BM32,-122.604581800000005,45.537815790000003,"119",8/17/2021,BM32,BLM,Maple,regular,01:58:00.000,Rose city park,4. H+C investment,57th/Tillamook,S,17.399999999999999,"1.004889976","109",NA,2.000000000000000,"18","1.21564482","15",2 minor,y,y,"60","6","30, c-4",961.560080299999981,rhody,"12","41.5",norway,"13.8","120",atlas cedar,n,n,n,"49.36666667","1.24086758","0.8076666667","0.901960785","193.3333333","193.3333333","1011.333333","0.114488348",NA,NA,NA,NA,cloudy,good,0.813951134681702
NA,NA,ACMA,43.000000000000000,Fair,"96",NA,NA,Volunteer,NA,NA,NA,"197059",NA,NA,NA,NA,NA,NA,NA,NA,NA,NA,Sapindaceae,Acer,"Maple, Bigleaf",Acer macrophyllum,"23523",strip,"9.5",High voltage,Improved,Medium,2107 NE 56TH AVE,Rose City Park,streettrees,BM33,-122.605924999999999,45.537883999999998,"120",8/17/2021,BM32B,BLM,Maple,regular,02:25:00.000,Rose city park,4. H+C investment,56/Tillamook,S,13.800000000000001,"0.124694377","111.5",NA,1.500000000000000,"16.5","0.898520085","30",1 no,y,y,"40","10.8","47",188.014204000000007,sweetgum,n,n,n,"7","22, c-2",cherry,n,n,n,"52.9","1.845890411","0.786","0.264705882","205","205","962.3333333","-0.183383992",NA,NA,NA,NA,cloudy,good,0.783730387687683
