OBJECTID,Inventory_,Species,DBH,Condition,TreeHeight,CrownWidth,CrownWid_1,CollectedB,Notes,CrownBaseH,GlobalID,StaffRevie,created_us,created_da,last_edite,last_edi_1,UserID,Structural,Carbon_Sto,Carbon_S_1,Carbon_Seq,Carbon_S_2,Stormwater,Stormwat_1,Pollution_,Pollutio_1,Total_Annu,Family,Genus,Common_nam,Genus_spec,Functional,Size,Native,Edible,Nuisance,Origin,Species_fa,Date_Inven,Site_Type,Site_Width,Wires,Site_devel,Site_Size,Address,Neighborho,Collected_,Planted_By,Plant_Date,Scientific,Common,Species_De,layer,path,treeID,crownArea,ndvi_count,ndvi_mean,ndvi_media,ndvi_stdev,ndvi_min,ndvi_max,ndvi_range,ndvi_varia
"156497",,PSME,10.000000000000000,Poor,,,,,Estimate,,,,,,,,,,,,,,,,,,,Pinaceae,Pseudotsuga,,,CE,L,,no,,,,2016/04/20,NCNS,,High voltage,Unimproved,Medium,236 NE 156TH AVE,GLENFAIR,staff,,,Pseudotsuga menziesii,Douglas-fir,,Street_Trees,/Users/zolli/Desktop/thesis stuff/thesis qgis files/Street_Trees-2/Street_Trees.shp,"8",63.000000000000000,2.000000000000000,0.574480175971985,0.574480175971985,0.013352870941162,0.561127305030823,0.587833046913147,0.026705741882324,0.000178299162371
"156502",,PSME,9.800000000000001,Poor,,,,,Estimate,,,,,,,,,,,,,,,,,,,Pinaceae,Pseudotsuga,,,CE,L,,no,,,,2016/04/20,NCNS,,High voltage,Unimproved,Medium,236 NE 156TH AVE,GLENFAIR,staff,,,Pseudotsuga menziesii,Douglas-fir,,Street_Trees,/Users/zolli/Desktop/thesis stuff/thesis qgis files/Street_Trees-2/Street_Trees.shp,"11",36.000000000000000,0.371393133250321,0.495712235266997,0.515521526336670,0.038612442416747,0.482377707958221,0.548665344715118,0.066287636756897,0.001490920709387
"156712",,PSME,15.900000000000000,Poor,,,,,<Null>,,,,,,,,,,,,,,,,,,,Pinaceae,Pseudotsuga,,,CE,L,,no,,,,2016/04/20,NCNS,,High voltage,Unimproved,Medium,236 NE 156TH AVE,GLENFAIR,staff,,,Pseudotsuga menziesii,Douglas-fir,,Street_Trees,/Users/zolli/Desktop/thesis stuff/thesis qgis files/Street_Trees-2/Street_Trees.shp,"22",162.000000000000000,1.671269099651665,0.481638167527246,0.486124813556671,0.032478987228319,0.434352785348892,0.525420725345612,0.091067939996719,0.001054884611377
"156719",,PSME,11.500000000000000,Poor,,,,,Estimate,,,,,,,,,,,,,,,,,,,Pinaceae,Pseudotsuga,,,CE,L,,no,,,,2016/04/20,NCNS,,High voltage,Unimproved,Medium,236 NE 156TH AVE,GLENFAIR,staff,,,Pseudotsuga menziesii,Douglas-fir,,Street_Trees,/Users/zolli/Desktop/thesis stuff/thesis qgis files/Street_Trees-2/Street_Trees.shp,"25",27.000000000000000,0.278544849948550,0.381102585412262,0.382857397198677,0.030325845782434,0.352582365274429,0.413132429122925,0.060550063848495,0.000919656922420
"159687",,PSME,35.000000000000000,Fair,,,,,<Null>,,,,,,,,,,,,,,,,,,,Pinaceae,Pseudotsuga,,,CE,L,,no,,,,2016/05/12,NCNS,,None,Unimproved,Large,7836 SE 49TH AVE,BRENTWOOD-DARLINGTON,staff,,,Pseudotsuga menziesii,Douglas-fir,,Street_Trees,/Users/zolli/Desktop/thesis stuff/thesis qgis files/Street_Trees-2/Street_Trees.shp,"29",2826.000000000000000,26.000000000000000,0.526163267401549,0.535040289163589,0.048128545370531,0.403555601835251,0.597020804882050,0.193465203046799,0.002316356879483
"160930",,THPL,35.700000000000003,Fair,,,,,,,,,,,,,,,,,,,,,,,,Cupressaceae,Thuja,,,CE,L,,no,,,,2016/05/18,NCNS,,None,Unimproved,Large,13211 NE THOMPSON CT,RUSSELL,staff,,,Thuja plicata,Western redcedar,,Street_Trees,/Users/zolli/Desktop/thesis stuff/thesis qgis files/Street_Trees-2/Street_Trees.shp,"30",738.000000000000000,7.000000000000000,0.316260623080390,0.312108069658279,0.031605389934746,0.281040489673615,0.368142962455750,0.087102472782135,0.000998900672927
"159913",,THPL,4.400000000000001,Fair,,,,,<Null>,,,,,,,,,,,,,,,,,,,Cupressaceae,Thuja,,,CE,L,,no,,,,2016/05/13,CNS,,None,Unimproved,Large,4612 SE MALDEN DR,BRENTWOOD-DARLINGTON,staff,,,Thuja plicata,Western redcedar,,Street_Trees,/Users/zolli/Desktop/thesis stuff/thesis qgis files/Street_Trees-2/Street_Trees.shp,"36",360.000000000000000,3.000000000000000,0.446860988934835,0.432536184787750,0.032080086351862,0.416743397712708,0.491303384304047,0.074559986591339,0.001029131940343
"160200",,PSME,27.100000000000001,Fair,,,,,,,,,,,,,,,,,,,,,,,,Pinaceae,Pseudotsuga,,,CE,L,,no,,,,2016/05/14,CNS,,None,Unimproved,Large,13109 NE SCHUYLER ST,RUSSELL,staff,,,Pseudotsuga menziesii,Douglas-fir,,Street_Trees,/Users/zolli/Desktop/thesis stuff/thesis qgis files/Street_Trees-2/Street_Trees.shp,"42",279.000000000000000,2.000000000000000,0.441773757338524,0.441773757338524,0.017172321677208,0.424601435661316,0.458946079015732,0.034344643354416,0.000294888631786
"160069",,THPL,6.000000000000000,Fair,,,,,,,,,,,,,,,,,,,,,,,,Cupressaceae,Thuja,,,CE,L,,no,,,,2016/05/13,NCNS,,High voltage,Unimproved,Medium,,BRENTWOOD-DARLINGTON,staff,,,Thuja plicata,Western redcedar,,Street_Trees,/Users/zolli/Desktop/thesis stuff/thesis qgis files/Street_Trees-2/Street_Trees.shp,"51",180.000000000000000,1.856965666266017,0.522187814400229,0.515611425042152,0.040169697896493,0.441773593425751,0.557657182216644,0.115883588790894,0.001613604629096
"159761",,ACMA,25.000000000000000,Fair,,,,,DBH estimate,,,,,,,,,,,,,,,,,,,Sapindaceae,Acer,,,BD,L,,no,,,,2016/05/13,NCNS,,High voltage,Unimproved,Medium,5109 SE MALDEN DR,BRENTWOOD-DARLINGTON,staff,,,Acer macrophyllum,"maple, bigleaf",,Street_Trees,/Users/zolli/Desktop/thesis stuff/thesis qgis files/Street_Trees-2/Street_Trees.shp,"55",171.000000000000000,2.000000000000000,0.588960856199265,0.588960856199265,0.009869426488876,0.579091429710388,0.598830282688141,0.019738852977753,0.000097405579219
"159883",,ACMA,10.000000000000000,Fair,,,,,,,,,,,,,,,,,,,,,,,,Sapindaceae,Acer,,,BD,L,,no,,,,2016/05/13,CNS,,High voltage,Unimproved,Medium,,BRENTWOOD-DARLINGTON,staff,,,Acer macrophyllum,"maple, bigleaf",,Street_Trees,/Users/zolli/Desktop/thesis stuff/thesis qgis files/Street_Trees-2/Street_Trees.shp,"68",4149.000000000000000,43.000000000000000,0.549998137840005,0.573729574680328,0.059668931772192,0.318443536758423,0.608891248703003,0.290447711944580,0.003560381418834
"159975",,ACMA,8.000000000000000,Fair,,,,,DBH estimate,,,,,,,,,,,,,,,,,,,Sapindaceae,Acer,,,BD,L,,no,,,,2016/05/13,CNS,,High voltage,Unimproved,Medium,5115 SE MALDEN DR,BRENTWOOD-DARLINGTON,staff,,,Acer macrophyllum,"maple, bigleaf",,Street_Trees,/Users/zolli/Desktop/thesis stuff/thesis qgis files/Street_Trees-2/Street_Trees.shp,"81",207.000000000000000,2.000000000000000,0.524404972791672,0.524404972791672,0.007113546133041,0.517291426658630,0.531518518924713,0.014227092266083,0.000050602538587
"159829",,ACMA,3.500000000000000,Fair,,,,,,,,,,,,,,,,,,,,,,,,Sapindaceae,Acer,,,BD,L,,no,,,,2016/05/13,NCNS,,None,Unimproved,Large,5703 SE LAMBERT ST,BRENTWOOD-DARLINGTON,staff,,,Acer macrophyllum,"maple, bigleaf",,Street_Trees,/Users/zolli/Desktop/thesis stuff/thesis qgis files/Street_Trees-2/Street_Trees.shp,"82",279.000000000000000,4.000000000000000,0.388060495257378,0.387960508465767,0.050997382588163,0.329286366701126,0.447034597396851,0.117748230695724,0.002600733030844
"163460",,PSME,33.000000000000000,Fair,,,,,Dbh est,,,,,,,,,,,,,,,,,,,Pinaceae,Pseudotsuga,,,CE,L,,no,,,,2016/05/27,NCNS,,None,Unimproved,Large,7134 SE 63RD AVE,BRENTWOOD-DARLINGTON,staff,,,Pseudotsuga menziesii,Douglas-fir,,Street_Trees,/Users/zolli/Desktop/thesis stuff/thesis qgis files/Street_Trees-2/Street_Trees.shp,"87",1062.000000000000000,10.000000000000000,0.417972120642662,0.424524784088135,0.051265305907790,0.331516355276108,0.477073282003403,0.145556926727295,0.002628131589819
"165018",,PSME,13.199999999999999,Fair,,,,,,,,,,,,,,,,,,,,,,,,Pinaceae,Pseudotsuga,,,CE,L,,no,,,,2016/06/15,NCNS,,None,Unimproved,Large,6743 SE 66TH AVE,BRENTWOOD-DARLINGTON,staff,,,Pseudotsuga menziesii,Douglas-fir,,Street_Trees,/Users/zolli/Desktop/thesis stuff/thesis qgis files/Street_Trees-2/Street_Trees.shp,"94",117.000000000000000,1.207027683074352,0.426867193842882,0.433134928345680,0.018396132803545,0.411741644144058,0.452138602733612,0.040396958589554,0.000338417702126
"165091",,PSME,16.300000000000001,Fair,,,,,<Null>,,,,,,,,,,,,,,,,,,,Pinaceae,Pseudotsuga,,,CE,L,,no,,,,2016/06/15,NCNS,,Other,Unimproved,Large,6813 SE 67TH AVE,BRENTWOOD-DARLINGTON,staff,,,Pseudotsuga menziesii,Douglas-fir,,Street_Trees,/Users/zolli/Desktop/thesis stuff/thesis qgis files/Street_Trees-2/Street_Trees.shp,"99",459.000000000000000,5.000000000000000,0.355103135108948,0.353675216436386,0.029829369485345,0.302845209836960,0.388452678918839,0.085607469081879,0.000889791283893
"163197",,PSME,30.800000000000001,Good,,,,,<Null>,,,,,,,,,,,,,,,,,,,Pinaceae,Pseudotsuga,,,CE,L,,no,,,,2016/05/27,strip,6.600000000000000,None,Improved,Large,7200 SE 60TH AVE,BRENTWOOD-DARLINGTON,staff,,,Pseudotsuga menziesii,Douglas-fir,,Street_Trees,/Users/zolli/Desktop/thesis stuff/thesis qgis files/Street_Trees-2/Street_Trees.shp,"100",1827.000000000000000,21.000000000000000,0.418659938233239,0.418549895286560,0.033078390775736,0.361327826976776,0.471721678972244,0.110393851995468,0.001094179936312
"164707",,PSME,20.399999999999999,Fair,,,,,,,,,,,,,,,,,,,,,,,,Pinaceae,Pseudotsuga,,,CE,L,,no,,,,2016/06/15,NCNS,,High voltage,Unimproved,Medium,4704 SE HENRY ST,BRENTWOOD-DARLINGTON,staff,,,Pseudotsuga menziesii,Douglas-fir,,Street_Trees,/Users/zolli/Desktop/thesis stuff/thesis qgis files/Street_Trees-2/Street_Trees.shp,"103",441.000000000000000,4.000000000000000,0.403239123523235,0.403912261128426,0.037341196359910,0.360959798097610,0.444172173738480,0.083212375640869,0.001394364945589
"165978",,PSME,32.000000000000000,Fair,,,,,Estimate DBH,,,,,,,,,,,,,,,,,,,Pinaceae,Pseudotsuga,,,CE,L,,no,,,,2016/06/16,NCNS,,Other,Unimproved,Large,7640 SE BYBEE BLVD,BRENTWOOD-DARLINGTON,staff,,,Pseudotsuga menziesii,Douglas-fir,,Street_Trees,/Users/zolli/Desktop/thesis stuff/thesis qgis files/Street_Trees-2/Street_Trees.shp,"118",1233.000000000000000,12.000000000000000,0.452042855322361,0.470861122012138,0.058702635942193,0.299303591251373,0.514141857624054,0.214838266372681,0.003445999466562
"165734",,THPL,14.400000000000000,Fair,,,,,<Null>,,,,,,,,,,,,,,,,,,,Cupressaceae,Thuja,,,CE,L,,no,,,,2016/06/16,NCNS,,None,Unimproved,Large,6636 SE 75TH AVE,BRENTWOOD-DARLINGTON,staff,,,Thuja plicata,Western redcedar,,Street_Trees,/Users/zolli/Desktop/thesis stuff/thesis qgis files/Street_Trees-2/Street_Trees.shp,"124",54.000000000000000,2.000000000000000,0.420393615961075,0.420393615961075,0.008635550737381,0.411758065223694,0.429029166698456,0.017271101474762,0.000074572736538
"166076",,THPL,15.000000000000000,Good,,,,,Dbh visual estimated,,,,,,,,,,,,,,,,,,,Cupressaceae,Thuja,,,CE,L,,no,,,,2016/06/17,NCNS,,None,Unimproved,Large,4625 SE 36TH PL,REED,staff,,,Thuja plicata,Western redcedar,,Street_Trees,/Users/zolli/Desktop/thesis stuff/thesis qgis files/Street_Trees-2/Street_Trees.shp,"129",126.000000000000000,1.299875966390535,0.401847075877710,0.399700075387955,0.019757326581816,0.374959379434586,0.418529033660889,0.043569654226303,0.000390351953661
"164172",,ACMA,24.399999999999999,Fair,,,,,<Null>,,,,,,,,,,,,,,,,,,,Sapindaceae,Acer,,,BD,L,,no,,,,2016/06/09,NCNS,,None,Unimproved,Large,4301-4495 NE 133RD AVE,ARGAY,staff,,,Acer macrophyllum,"maple, bigleaf",,Street_Trees,/Users/zolli/Desktop/thesis stuff/thesis qgis files/Street_Trees-2/Street_Trees.shp,"131",531.000000000000000,4.000000000000000,0.424269191920757,0.437555223703384,0.059250741502503,0.334747016429901,0.487219303846359,0.152472287416458,0.003510650368596
"164245",,ACMA,21.000000000000000,Fair,,,,,<Null>,,,,,,,,,,,,,,,,,,,Sapindaceae,Acer,,,BD,L,,no,,,,2016/06/09,NCNS,,None,Unimproved,Large,4350 NE 133RD AVE,ARGAY,staff,,,Acer macrophyllum,"maple, bigleaf",,Street_Trees,/Users/zolli/Desktop/thesis stuff/thesis qgis files/Street_Trees-2/Street_Trees.shp,"134",324.000000000000000,3.000000000000000,0.421123415231705,0.439415156841278,0.037288687592874,0.369143813848495,0.454811275005341,0.085667461156845,0.001390446222399
"164247",,ACMA,28.500000000000000,Fair,,,,,<Null>,,,,,,,,,,,,,,,,,,,Sapindaceae,Acer,,,BD,L,,no,,,,2016/06/09,NCNS,,None,Unimproved,Large,4350 NE 133RD AVE,ARGAY,staff,,,Acer macrophyllum,"maple, bigleaf",,Street_Trees,/Users/zolli/Desktop/thesis stuff/thesis qgis files/Street_Trees-2/Street_Trees.shp,"135",738.000000000000000,8.000000000000000,0.409943077713251,0.402190878987312,0.079063696597360,0.282981067895889,0.550711512565613,0.267730444669724,0.006251068119639
"164463",,ACMA,25.899999999999999,Fair,,,,,<Null>,,,,,,,,,,,,,,,,,,,Sapindaceae,Acer,,,BD,L,,no,,,,2016/06/09,NCNS,,None,Unimproved,Large,13000 NE WHITAKER WAY,ARGAY,staff,,,Acer macrophyllum,"maple, bigleaf",,Street_Trees,/Users/zolli/Desktop/thesis stuff/thesis qgis files/Street_Trees-2/Street_Trees.shp,"138",261.000000000000000,5.000000000000000,0.552228569984436,0.558241724967957,0.017224773986948,0.525227189064026,0.576169848442078,0.050942659378052,0.000296692838901
"164351",,ACMA,6.600000000000000,Fair,,,,,,,,,,,,,,,,,,,,,,,,Sapindaceae,Acer,,,BD,L,,no,,,,2016/06/09,NCNS,,None,Unimproved,Large,4350 NE 133RD AVE,ARGAY,staff,,,Acer macrophyllum,"maple, bigleaf",,Street_Trees,/Users/zolli/Desktop/thesis stuff/thesis qgis files/Street_Trees-2/Street_Trees.shp,"149",288.000000000000000,3.000000000000000,0.439491490523020,0.411761492490768,0.054669584912882,0.390855044126511,0.515857934951782,0.125002890825272,0.002988763514547
"164178",,ACMA,17.699999999999999,Fair,,,,,<Null>,,,,,,,,,,,,,,,,,,,Sapindaceae,Acer,,,BD,L,,no,,,,2016/06/09,NCNS,,None,Unimproved,Large,4301-4495 NE 133RD AVE,ARGAY,staff,,,Acer macrophyllum,"maple, bigleaf",,Street_Trees,/Users/zolli/Desktop/thesis stuff/thesis qgis files/Street_Trees-2/Street_Trees.shp,"158",468.000000000000000,6.000000000000000,0.398706684509913,0.395221322774887,0.062590982191255,0.310666054487228,0.492663711309433,0.181997656822205,0.003917631051666
"164469",,ACMA,22.100000000000001,Fair,,,,,<Null>,,,,,,,,,,,,,,,,,,,Sapindaceae,Acer,,,BD,L,,no,,,,2016/06/09,NCNS,,None,Unimproved,Large,4301-4495 NE 133RD AVE,ARGAY,staff,,,Acer macrophyllum,"maple, bigleaf",,Street_Trees,/Users/zolli/Desktop/thesis stuff/thesis qgis files/Street_Trees-2/Street_Trees.shp,"165",324.000000000000000,3.000000000000000,0.464921762545904,0.474863737821579,0.040380001798588,0.411250829696655,0.508650720119476,0.097399890422821,0.001630544545254
"164481",,ACMA,11.000000000000000,Poor,,,,,Estimate,,,,,,,,,,,,,,,,,,,Sapindaceae,Acer,,,BD,L,,no,,,,2016/06/09,NCNS,,None,Unimproved,Large,12986 NE WHITAKER WAY,ARGAY,staff,,,Acer macrophyllum,"maple, bigleaf",,Street_Trees,/Users/zolli/Desktop/thesis stuff/thesis qgis files/Street_Trees-2/Street_Trees.shp,"185",180.000000000000000,1.856965666269620,0.373361635176253,0.382327765226364,0.037307689046331,0.310170710086823,0.407801330089569,0.097630620002747,0.001391863661978
"171368",,PSME,22.399999999999999,Good,,,,,,,,,,,,,,,,,,,,,,,,Pinaceae,Pseudotsuga,,,CE,L,,no,,,,2016/07/13,CNS,,None,Unimproved,Large,8350 SE POWELL BLVD,LENTS,staff,,,Pseudotsuga menziesii,Douglas-fir,,Street_Trees,/Users/zolli/Desktop/thesis stuff/thesis qgis files/Street_Trees-2/Street_Trees.shp,"191",657.000000000000000,6.000000000000000,0.309545084834099,0.307358384132385,0.037920088794004,0.244362324476242,0.356757700443268,0.112395375967026,0.001437933134145
"171625",,PSME,16.500000000000000,Poor,,,,,<Null>,,,,,,,,,,,,,,,,,,,Pinaceae,Pseudotsuga,,,CE,L,,no,,,,2016/07/14,CNS,,High voltage,Unimproved,Medium,9507 SE TENINO CT,LENTS,staff,,,Pseudotsuga menziesii,Douglas-fir,,Street_Trees,/Users/zolli/Desktop/thesis stuff/thesis qgis files/Street_Trees-2/Street_Trees.shp,"193",261.000000000000000,2.000000000000000,0.457475468516350,0.457475468516350,0.035558596253395,0.421916872262955,0.493034064769745,0.071117192506790,0.001264413767512
"173117",,PSME,38.200000000000003,Fair,,,,,,,,,,,,,,,,,,,,,,,,Pinaceae,Pseudotsuga,,,CE,L,,no,,,,2016/07/18,curbtight,,None,Improved,Large,4700 SE 88TH AVE,LENTS,staff,,2016/07/15,Pseudotsuga menziesii,Douglas-fir,,Street_Trees,/Users/zolli/Desktop/thesis stuff/thesis qgis files/Street_Trees-2/Street_Trees.shp,"201",990.000000000000000,10.000000000000000,0.449664035439491,0.453247606754303,0.024153846839318,0.408167600631714,0.477316975593567,0.069149374961853,0.000583408317137
"171028",,ACPL,12.900000000000000,Fair,,,,,<Null>,,,,,,,,,,,,,,,,,,,Sapindaceae,Acer,,,BD,M,,no,,,,2016/07/13,strip,4.000000000000000,High voltage,Improved,Medium,9721 SE WOODSTOCK BLVD,LENTS,staff,,,Acer platanoides,"maple, Norway",,Street_Trees,/Users/zolli/Desktop/thesis stuff/thesis qgis files/Street_Trees-2/Street_Trees.shp,"204",135.000000000000000,2.000000000000000,0.266761481761932,0.266761481761932,0.032972961664200,0.233788520097733,0.299734443426132,0.065945923328400,0.001087216200909
"170910",,ACMA,6.000000000000000,Poor,,,,,,,,,,,,,,,,,,,,,,,,Sapindaceae,Acer,,,BD,L,,no,,,,2016/07/13,CNS,,High voltage,Unimproved,Medium,NEC/ 88TH & SE LAFAYETTE ST,LENTS,staff,,,Acer macrophyllum,"maple, bigleaf",,Street_Trees,/Users/zolli/Desktop/thesis stuff/thesis qgis files/Street_Trees-2/Street_Trees.shp,"208",252.000000000000000,4.000000000000000,0.567336820065975,0.583923399448395,0.044508364332381,0.492411404848099,0.609089076519012,0.116677671670914,0.001980994495544
"171390",,ACMA,44.700000000000003,Poor,,,,,Estimate,,,,,,,,,,,,,,,,,,,Sapindaceae,Acer,,,BD,L,,no,,,,2016/07/13,curbtight,,High voltage,Improved,Medium,9924 SE DUKE ST,LENTS,staff,,,Acer macrophyllum,"maple, bigleaf",,Street_Trees,/Users/zolli/Desktop/thesis stuff/thesis qgis files/Street_Trees-2/Street_Trees.shp,"218",2133.000000000000000,21.000000000000000,0.459379081215177,0.469783812761307,0.070483202196507,0.335469037294388,0.556149542331696,0.220680505037308,0.004967881791874
"171715",,ACMA,10.800000000000001,Fair,,,,,,,,,,,,,,,,,,,,,,,,Sapindaceae,Acer,,,BD,L,,no,,,,2016/07/14,CNS,,None,Unimproved,Large,9216 SE TENINO CT,LENTS,staff,,,Acer macrophyllum,"maple, bigleaf",,Street_Trees,/Users/zolli/Desktop/thesis stuff/thesis qgis files/Street_Trees-2/Street_Trees.shp,"219",981.000000000000000,11.000000000000000,0.363931640982628,0.365512430667877,0.100977004945679,0.186052724719048,0.524075448513031,0.338022723793983,0.010196355527800
"172634",,ACMA,19.699999999999999,Fair,,,,,<Null>,,,,,,,,,,,,,,,,,,,Sapindaceae,Acer,,,BD,L,,no,,,,2016/07/15,strip,11.300000000000001,None,Improved,Large,5328 SE 89TH AVE,LENTS,staff,,,Acer macrophyllum,"maple, bigleaf",,Street_Trees,/Users/zolli/Desktop/thesis stuff/thesis qgis files/Street_Trees-2/Street_Trees.shp,"226",333.000000000000000,4.000000000000000,0.500557318329811,0.500026389956474,0.006033535526016,0.493923872709274,0.508252620697021,0.014328747987747,0.000036403550944
"173098",,ACPL,23.000000000000000,Fair,,,,,,,,,,,,,,,,,,,,,,,,Sapindaceae,Acer,,,BD,M,,no,,,,2016/07/18,curbtight,,None,Improved,Large,4700 SE 88TH AVE,LENTS,staff,,2016/07/15,Acer platanoides,"maple, Norway",,Street_Trees,/Users/zolli/Desktop/thesis stuff/thesis qgis files/Street_Trees-2/Street_Trees.shp,"233",1413.000000000000000,15.000000000000000,0.544466352462769,0.553886771202087,0.035081283500093,0.469866871833801,0.606086790561676,0.136219918727875,0.001230696452014
"173815",,THPL,9.100000000000000,Fair,,,,,<Null>,,,,,,,,,,,,,,,,,,,Cupressaceae,Thuja,,,CE,L,,no,,,,2016/07/19,NCNS,,High voltage,Unimproved,Medium,9230 SE CENTER ST,LENTS,staff,,,Thuja plicata,Western redcedar,,Street_Trees,/Users/zolli/Desktop/thesis stuff/thesis qgis files/Street_Trees-2/Street_Trees.shp,"238",108.000000000000000,1.114179399772581,0.456012855165573,0.467317879199982,0.040683369287988,0.378556817770004,0.500326395034790,0.121769577264786,0.001655136536623
"173932",,THPL,24.000000000000000,Fair,,,,,MS est,,,,,,,,,,,,,,,,,,,Cupressaceae,Thuja,,,CE,L,,no,,,,2016/07/19,NCNS,,High voltage,Unimproved,Medium,9230 SE CENTER ST,LENTS,staff,,,Thuja plicata,Western redcedar,,Street_Trees,/Users/zolli/Desktop/thesis stuff/thesis qgis files/Street_Trees-2/Street_Trees.shp,"239",72.000000000000000,0.742786266507848,0.350830723674785,0.378556817770004,0.049066677194068,0.277052521705627,0.382621556520462,0.105569034814835,0.002407538810867
"173277",,ACMA,33.299999999999997,Fair,,,,,,,,,,,,,,,,,,,,,,,,Sapindaceae,Acer,,,BD,L,,no,,,,2016/07/18,NCNS,,High voltage,Unimproved,Medium,10303 SE MARTINS ST,LENTS,staff,,,Acer macrophyllum,"maple, bigleaf",,Street_Trees,/Users/zolli/Desktop/thesis stuff/thesis qgis files/Street_Trees-2/Street_Trees.shp,"244",1755.000000000000000,19.000000000000000,0.496472653589751,0.500948369503021,0.054457699101974,0.362353473901749,0.576210260391235,0.213856786489487,0.002965640991481
"174919",,ACPL,9.199999999999999,Good,,,,,,,,,,,,,,,,,,,,,,,,Sapindaceae,Acer,,,BD,M,,no,,,,2016/06/25,CNS,,None,Unimproved,Large,1908-1914 NE 72ND AVE,MADISON SOUTH,staff,,,Acer platanoides,"maple, Norway",,Street_Trees,/Users/zolli/Desktop/thesis stuff/thesis qgis files/Street_Trees-2/Street_Trees.shp,"252",171.000000000000000,2.000000000000000,0.577971756458282,0.577971756458282,0.019942402839661,0.558029353618622,0.597914159297943,0.039884805679321,0.000397699431019
"175535",,PSME,30.300000000000001,Good,,,,,,,,,,,,,,,,,,,,,,,,Pinaceae,Pseudotsuga,,,CE,L,,no,,,,2016/07/20,curbtight,,Other,Improved,Large,1804-2006 NE 70TH AVE,MADISON SOUTH,staff,,,Pseudotsuga menziesii,Douglas-fir,,Street_Trees,/Users/zolli/Desktop/thesis stuff/thesis qgis files/Street_Trees-2/Street_Trees.shp,"256",378.000000000000000,3.000000000000000,0.407983233531316,0.438683480024338,0.059281181870473,0.325071960687637,0.460194259881973,0.135122299194336,0.003514258523960
"175953",,PSME,27.100000000000001,Fair,,,,,,,,,,,,,,,,,,,,,,,,Pinaceae,Pseudotsuga,,,CE,L,,no,,,,2016/07/20,CNS,,None,Unimproved,Large,15405 NE HOLLADAY ST,WILKES,staff,,,Pseudotsuga menziesii,Douglas-fir,,Street_Trees,/Users/zolli/Desktop/thesis stuff/thesis qgis files/Street_Trees-2/Street_Trees.shp,"260",135.000000000000000,1.392724249710322,0.462040157169862,0.459654659032822,0.039542218877409,0.377996176481247,0.505714774131775,0.127718597650528,0.001563587073749
"177437",,PSME,11.000000000000000,Poor,,,,,<Null>,,,,,,,,,,,,,,,,,,,Pinaceae,Pseudotsuga,,,CE,L,,no,,,,2016/07/22,curbtight,,High voltage,Improved,Medium,3447 NE 149TH AVE,WILKES,staff,,,Pseudotsuga menziesii,Douglas-fir,,Street_Trees,/Users/zolli/Desktop/thesis stuff/thesis qgis files/Street_Trees-2/Street_Trees.shp,"266",81.000000000000000,0.835634549827634,0.483183534702299,0.461854860186577,0.052560844965441,0.395669400691986,0.518793582916260,0.123124182224274,0.002762642423481
"176177",,PSME,27.000000000000000,Fair,,,,,,,,,,,,,,,,,,,,,,,,Pinaceae,Pseudotsuga,,,CE,L,,no,,,,2016/07/21,strip,9.500000000000000,None,Improved,Large,3243 NE 51ST AVE,ROSE CITY PARK,staff,,,Pseudotsuga menziesii,Douglas-fir,,Street_Trees,/Users/zolli/Desktop/thesis stuff/thesis qgis files/Street_Trees-2/Street_Trees.shp,"270",1719.000000000000000,16.000000000000000,0.457196114584804,0.453330904245377,0.033519978082281,0.407038062810898,0.515511274337769,0.108473211526871,0.001123588930637
"176533",,PSME,38.399999999999999,Fair,,,,,,,,,,,,,,,,,,,,,,,,Pinaceae,Pseudotsuga,,,CE,L,,no,,,,2016/07/21,strip,5.900000000000000,None,Improved,Medium,6309 NE HANCOCK ST,ROSE CITY PARK,staff,,,Pseudotsuga menziesii,Douglas-fir,,Street_Trees,/Users/zolli/Desktop/thesis stuff/thesis qgis files/Street_Trees-2/Street_Trees.shp,"279",1656.000000000000000,17.000000000000000,0.398379399495966,0.405305385589600,0.056272647025334,0.289309322834015,0.486064255237579,0.196754932403564,0.003166610803238
"177880",,PSME,32.299999999999997,Fair,,,,,<Null>,,,,,,,,,,,,,,,,,,,Pinaceae,Pseudotsuga,,,CE,L,,no,,,,2016/07/25,NCNS,,Other,Unimproved,Large,8347 NE HANCOCK ST,MADISON SOUTH,staff,,,Pseudotsuga menziesii,Douglas-fir,,Street_Trees,/Users/zolli/Desktop/thesis stuff/thesis qgis files/Street_Trees-2/Street_Trees.shp,"282",1233.000000000000000,12.000000000000000,0.380567396680514,0.393984138965607,0.040472960120921,0.266649425029755,0.413149744272232,0.146500319242477,0.001638060500950
"176328",,ACPL,8.800000000000002,Poor,,,,,,,,,,,,,,,,,,,,,,,,Sapindaceae,Acer,,,BD,M,,no,,,,2016/07/21,strip,2.500000000000000,Other,Improved,Small,6211-6215 NE CLACKAMAS ST,ROSE CITY PARK,staff,,,Acer platanoides,"maple, Norway",,Street_Trees,/Users/zolli/Desktop/thesis stuff/thesis qgis files/Street_Trees-2/Street_Trees.shp,"285",9.000000000000000,0.092848283312580,0.231043857784066,0.216018065810204,0.027679874076646,0.192771539092064,0.239264592528343,0.046493053436279,0.000766175428899
"176407",,ACMA,18.000000000000000,Fair,,,,,Estimate DBH,,,,,,,,,,,,,,,,,,,Sapindaceae,Acer,,,BD,L,,no,,,,2016/07/21,NCNS,,None,Unimproved,Large,5126 NE WISTARIA DR,ROSE CITY PARK,staff,,,Acer macrophyllum,"maple, bigleaf",,Street_Trees,/Users/zolli/Desktop/thesis stuff/thesis qgis files/Street_Trees-2/Street_Trees.shp,"290",1611.000000000000000,16.000000000000000,0.571003986522555,0.571798294782639,0.041523888993970,0.492396622896194,0.631667375564575,0.139270752668381,0.001724233357184
"177867",,ACPL,17.899999999999999,Fair,,,,,Estimate,,,,,,,,,,,,,,,,,,,Sapindaceae,Acer,,,BD,M,,no,,,,2016/07/25,CNS,,None,Unimproved,Large,6433 NE TILLAMOOK ST,MADISON SOUTH,staff,,,Acer platanoides,"maple, Norway",,Street_Trees,/Users/zolli/Desktop/thesis stuff/thesis qgis files/Street_Trees-2/Street_Trees.shp,"293",594.000000000000000,8.000000000000000,0.497740793973207,0.509760975837708,0.034552447271792,0.433234274387360,0.540599644184113,0.107365369796753,0.001193871612470
"178073",,ACPL,17.699999999999999,Fair,,,,,Estimate,,,,,,,,,,,,,,,,,,,Sapindaceae,Acer,,,BD,M,,no,,,,2016/07/25,CNS,,None,Unimproved,Large,6433 NE TILLAMOOK ST,MADISON SOUTH,staff,,,Acer platanoides,"maple, Norway",,Street_Trees,/Users/zolli/Desktop/thesis stuff/thesis qgis files/Street_Trees-2/Street_Trees.shp,"298",1611.000000000000000,14.000000000000000,0.520633131265640,0.535699486732483,0.064843963850274,0.388335764408112,0.600541055202484,0.212205290794373,0.004204739647816
"179581",,THPL,31.899999999999999,Fair,,,,,<Null>,,,,,,,,,,,,,,,,,,,Cupressaceae,Thuja,,,CE,L,,no,,,,2016/07/26,strip,7.600000000000000,None,Improved,Large,5133 SE 38TH AVE,REED,staff,,,Thuja plicata,Western redcedar,,Street_Trees,/Users/zolli/Desktop/thesis stuff/thesis qgis files/Street_Trees-2/Street_Trees.shp,"300",882.000000000000000,9.000000000000000,0.417778707212872,0.420567214488983,0.046833074187856,0.337236911058426,0.477364569902420,0.140127658843994,0.002193336837885
"185240",,PSME,18.699999999999999,Fair,,,,,<Null>,,,,,,,,,,,,,,,,,,,Pinaceae,Pseudotsuga,,,CE,L,,no,,,,2016/08/04,median,21.000000000000000,None,Improved,Large,16120 NE SAN RAFAEL ST,WILKES,staff,,,Pseudotsuga menziesii,Douglas-fir,,Street_Trees,/Users/zolli/Desktop/thesis stuff/thesis qgis files/Street_Trees-2/Street_Trees.shp,"304",153.000000000000000,1.578420816331879,0.361891157831630,0.353109285235405,0.022456020113854,0.322025626897812,0.375314712524414,0.053289085626602,0.000504272839354
"185605",,THPL,6.900000000000000,Fair,,,,,<Null>,,,,,,,,,,,,,,,,,,,Cupressaceae,Thuja,,,CE,L,,no,,,,2016/08/04,strip,11.000000000000000,None,Improved,Large,,WILKES,staff,,,Thuja plicata,Western redcedar,,Street_Trees,/Users/zolli/Desktop/thesis stuff/thesis qgis files/Street_Trees-2/Street_Trees.shp,"322",63.000000000000000,0.649937983202474,0.472059800406199,0.474176377058029,0.011125032837435,0.468977153301239,0.493521809577942,0.024544656276703,0.000123766355634
"185872",,THPL,29.699999999999999,Fair,,,,,<Null>,,,,,,,,,,,,,,,,,,,Cupressaceae,Thuja,,,CE,L,,no,,,,2016/08/04,strip,11.000000000000000,None,Improved,Large,,WILKES,staff,,,Thuja plicata,Western redcedar,,Street_Trees,/Users/zolli/Desktop/thesis stuff/thesis qgis files/Street_Trees-2/Street_Trees.shp,"326",1188.000000000000000,11.000000000000000,0.434500770135359,0.436210513114929,0.025931305972044,0.390361964702606,0.468977153301239,0.078615188598633,0.000672432629416
"186143",,THPL,17.800000000000001,Fair,,,,,<Null>,,,,,,,,,,,,,,,,,,,Cupressaceae,Thuja,,,CE,L,,no,,,,2016/08/04,strip,14.000000000000000,None,Improved,Large,,WILKES,staff,,,Thuja plicata,Western redcedar,,Street_Trees,/Users/zolli/Desktop/thesis stuff/thesis qgis files/Street_Trees-2/Street_Trees.shp,"333",864.000000000000000,10.000000000000000,0.466281521320343,0.471527680754662,0.021193378215093,0.429048538208008,0.492208361625671,0.063159823417664,0.000449159280168
"185823",,PSME,26.500000000000000,Fair,,,,,,,,,,,,,,,,,,,,,,,,Pinaceae,Pseudotsuga,,,CE,L,,no,,,,2016/08/04,CNS,,None,Unimproved,Large,NE HALSEY ST,WILKES,staff,,,Pseudotsuga menziesii,Douglas-fir,,Street_Trees,/Users/zolli/Desktop/thesis stuff/thesis qgis files/Street_Trees-2/Street_Trees.shp,"338",747.000000000000000,6.000000000000000,0.379327252507210,0.385068610310555,0.039641790910777,0.305211037397385,0.440659016370773,0.135447978973389,0.001571471586614
"183076",,ACPL,15.600000000000000,Fair,,,,,,,,,,,,,,,,,,,,,,,,Sapindaceae,Acer,,,BD,M,,no,,,,2016/07/29,cutout,3.000000000000000,High voltage,Improved,Small,3120 NE 82ND AVE,MADISON SOUTH,staff,,,Acer platanoides,"maple, Norway",,Street_Trees,/Users/zolli/Desktop/thesis stuff/thesis qgis files/Street_Trees-2/Street_Trees.shp,"340",675.000000000000000,7.000000000000000,0.348680385521480,0.344108104705811,0.041343432926225,0.299263894557953,0.410786598920822,0.111522704362869,0.001709279446125
"183430",,ACPL,21.399999999999999,Fair,,,,,,,,,,,,,,,,,,,,,,,,Sapindaceae,Acer,,,BD,M,,no,,,,2016/08/01,CNS,,None,Unimproved,Large,3640 NE 90TH AVE,MADISON SOUTH,staff,,,Acer platanoides,"maple, Norway",,Street_Trees,/Users/zolli/Desktop/thesis stuff/thesis qgis files/Street_Trees-2/Street_Trees.shp,"341",1323.000000000000000,14.000000000000000,0.480575159192085,0.499392032623291,0.046205227578418,0.380993694067001,0.538053750991821,0.157060056924820,0.002134923055573
"185311",,THPL,16.600000000000001,Fair,,,,,DBH estimate,,,,,,,,,,,,,,,,,,,Cupressaceae,Thuja,,,CE,L,,no,,,,2016/08/04,NCNS,,High voltage,Unimproved,Medium,16106 NE ROSE PKWY,WILKES,staff,,,Thuja plicata,Western redcedar,,Street_Trees,/Users/zolli/Desktop/thesis stuff/thesis qgis files/Street_Trees-2/Street_Trees.shp,"343",2574.000000000000000,26.000000000000000,0.517305223987653,0.522165715694427,0.042695564576619,0.434574425220490,0.573459208011627,0.138884782791138,0.001822911234516
"185724",,THPL,25.000000000000000,Fair,,,,,Est,,,,,,,,,,,,,,,,,,,Cupressaceae,Thuja,,,CE,L,,no,,,,2016/08/04,median,35.000000000000000,None,Improved,Large,16329 NE FARGO ST,WILKES,staff,,2016/08/04,Thuja plicata,Western redcedar,,Street_Trees,/Users/zolli/Desktop/thesis stuff/thesis qgis files/Street_Trees-2/Street_Trees.shp,"352",243.000000000000000,3.000000000000000,0.513491292794546,0.504801750183105,0.016621866477491,0.498920500278473,0.536751627922058,0.037831127643585,0.000276286445196
"184710",,ACPL,11.199999999999999,Fair,,,,,<Null>,,,,,,,,,,,,,,,,,,,Sapindaceae,Acer,,,BD,M,,no,,,,2016/08/03,strip,9.600000000000000,None,Improved,Large,1914 NE 53RD AVE,ROSE CITY PARK,staff,,,Acer platanoides,"maple, Norway",,Street_Trees,/Users/zolli/Desktop/thesis stuff/thesis qgis files/Street_Trees-2/Street_Trees.shp,"360",396.000000000000000,5.000000000000000,0.497689557075500,0.485073804855347,0.034332983724268,0.457847446203232,0.547024071216583,0.089176625013351,0.001178753771411
"185362",,ACMA,20.000000000000000,Fair,,,,,Est,,,,,,,,,,,,,,,,,,,Sapindaceae,Acer,,,BD,L,,no,,,,2016/08/04,median,9.000000000000000,None,Improved,Large,16424 NE FARGO CIR,WILKES,staff,,,Acer macrophyllum,"maple, bigleaf",,Street_Trees,/Users/zolli/Desktop/thesis stuff/thesis qgis files/Street_Trees-2/Street_Trees.shp,"366",756.000000000000000,8.000000000000000,0.577851288020611,0.582562774419785,0.030243168528070,0.530205786228180,0.610992431640625,0.080786645412445,0.000914649242617
"184966",,ACPL,29.199999999999999,Poor,,,,,<Null>,,,,,,,,,,,,,,,,,,,Sapindaceae,Acer,,,BD,M,,no,,,,2016/08/03,strip,9.000000000000000,High voltage,Improved,Medium,2704 NE 38TH AVE,GRANT PARK,staff,,2016/08/03,Acer platanoides,"maple, Norway",,Street_Trees,/Users/zolli/Desktop/thesis stuff/thesis qgis files/Street_Trees-2/Street_Trees.shp,"374",441.000000000000000,4.000000000000000,0.606721833348274,0.612747728824615,0.025828595857082,0.567145884037018,0.634245991706848,0.067100107669830,0.000667116363948
"186236",,ACMA,13.300000000000001,Fair,,,,,,,,,,,,,,,,,,,,,,,,Sapindaceae,Acer,,,BD,L,,no,,,,2016/08/04,curbtight,,None,Improved,Large,2749 NE 155TH AVE,WILKES,staff,,,Acer macrophyllum,"maple, bigleaf",,Street_Trees,/Users/zolli/Desktop/thesis stuff/thesis qgis files/Street_Trees-2/Street_Trees.shp,"380",540.000000000000000,6.000000000000000,0.436444575587908,0.441407412290573,0.033768724057523,0.374439656734467,0.472076922655106,0.097637265920639,0.001140326724473
"186896",,ACPL,30.399999999999999,Poor,,,,,,,,,,,,,,,,,,,,,,,,Sapindaceae,Acer,,,BD,M,,no,,,,2016/08/05,strip,9.500000000000000,High voltage,Improved,Medium,2236 NE 43RD AVE,HOLLYWOOD,staff,,,Acer platanoides,"maple, Norway",,Street_Trees,/Users/zolli/Desktop/thesis stuff/thesis qgis files/Street_Trees-2/Street_Trees.shp,"388",846.000000000000000,8.000000000000000,0.527070667594671,0.537061214447021,0.029175464229831,0.469648033380508,0.563806593418121,0.094158560037613,0.000851207713026
"190241",,THPL,30.000000000000000,Good,,,,,,,,,,,,,,,,,,,,,,,,Cupressaceae,Thuja,,,CE,L,,no,,,,2016/07/13,NCNS,,None,Unimproved,Large,3505 NE SHAVER ST,BEAUMONT-WILSHIRE,volunteer,,,Thuja plicata,Western redcedar,,Street_Trees,/Users/zolli/Desktop/thesis stuff/thesis qgis files/Street_Trees-2/Street_Trees.shp,"398",1152.000000000000000,13.000000000000000,0.564908229387723,0.561954438686371,0.030400507132959,0.518893063068390,0.613678872585297,0.094785809516907,0.000924190833941
"190209",,ACPL,10.900000000000000,Fair,,,,,,,,,,,,,,,,,,,,,,,,Sapindaceae,Acer,,,BD,M,,no,,,,2016/07/23,strip,4.500000000000000,None,Improved,Medium,3911 NE 36TH AVE,BEAUMONT-WILSHIRE,volunteer,,,Acer platanoides,"maple, Norway",,Street_Trees,/Users/zolli/Desktop/thesis stuff/thesis qgis files/Street_Trees-2/Street_Trees.shp,"406",387.000000000000000,3.000000000000000,0.518173257509867,0.514623105525970,0.014143971321267,0.502900600433350,0.536996066570282,0.034095466136932,0.000200051924737
"194209",,THPL,33.100000000000001,Good,,,,,,,,,,,,,,,,,,,,,,,,Cupressaceae,Thuja,,,CE,L,,no,,,,2016/07/27,strip,10.000000000000000,None,Improved,Large,2326 NE 41ST AVE,GRANT PARK,volunteer,,,Thuja plicata,Western redcedar,,Street_Trees,/Users/zolli/Desktop/thesis stuff/thesis qgis files/Street_Trees-2/Street_Trees.shp,"408",1494.000000000000000,17.000000000000000,0.525770104983274,0.537764847278595,0.027258659550019,0.469378978013992,0.555731296539307,0.086352318525314,0.000743034520464
"192882",,ACPL,28.699999999999999,Fair,,,,,,,,,,,,,,,,,,,,,,,,Sapindaceae,Acer,,,BD,M,,no,,,,2016/08/16,strip,4.100000000000000,None,Improved,Medium,2833 SE FRANCIS ST,CRESTON-KENILWORTH,staff,,,Acer platanoides,"maple, Norway",,Street_Trees,/Users/zolli/Desktop/thesis stuff/thesis qgis files/Street_Trees-2/Street_Trees.shp,"415",1377.000000000000000,15.000000000000000,0.563607182105382,0.582776784896851,0.055005973090495,0.428767949342728,0.628213465213776,0.199445515871048,0.003025657075632
"195053",,PSME,40.200000000000003,Good,,,,,,,,,,,,,,,,,,,,,,,,Pinaceae,Pseudotsuga,,,CE,L,,no,,,,2016/08/18,NCNS,,Other,Unimproved,Large,2104 NE 59TH AVE,ROSE CITY PARK,volunteer,,,Pseudotsuga menziesii,Douglas-fir,,Street_Trees,/Users/zolli/Desktop/thesis stuff/thesis qgis files/Street_Trees-2/Street_Trees.shp,"420",1665.000000000000000,16.000000000000000,0.435452524572611,0.453955143690109,0.067867314135603,0.302002906799316,0.539008438587189,0.237005531787872,0.004605972327981
"191468",,ACPL,9.500000000000000,Fair,,,,,,,,,,,,,,,,,,,,,,,,Sapindaceae,Acer,,,BD,M,,no,,,,2016/07/30,strip,7.700000000000000,Other,Improved,Large,4306 NE 32ND AVE,ALAMEDA,volunteer,,,Acer platanoides,"maple, Norway",,Street_Trees,/Users/zolli/Desktop/thesis stuff/thesis qgis files/Street_Trees-2/Street_Trees.shp,"427",369.000000000000000,3.000000000000000,0.483155796925227,0.500902712345123,0.029941513993296,0.440987795591354,0.507576882839203,0.066589087247849,0.000896494260211
"198081",,THPL,23.899999999999999,Fair,,,,,,,,,,,,,,,,,,,,,,,,Cupressaceae,Thuja,,,CE,L,,no,,,,2016/08/24,strip,9.500000000000000,Other,Improved,Large,3024 NE 63RD AVE,ROSE CITY PARK,staff,,,Thuja plicata,Western redcedar,,Street_Trees,/Users/zolli/Desktop/thesis stuff/thesis qgis files/Street_Trees-2/Street_Trees.shp,"437",342.000000000000000,4.000000000000000,0.296904131770134,0.294250443577766,0.015144107625436,0.280817925930023,0.318297713994980,0.037479788064957,0.000229343995771
"197851",,ACPL,18.100000000000001,Fair,,,,,<Null>,,,,,,,,,,,,,,,,,,,Sapindaceae,Acer,,,BD,M,,no,,,,2016/08/24,strip,9.500000000000000,Other,Improved,Large,3236 NE 59TH AVE,ROSE CITY PARK,staff,,,Acer platanoides,"maple, Norway",,Street_Trees,/Users/zolli/Desktop/thesis stuff/thesis qgis files/Street_Trees-2/Street_Trees.shp,"441",612.000000000000000,6.000000000000000,0.456641112764676,0.456225737929344,0.027048711879360,0.417979300022125,0.490776717662811,0.072797417640686,0.000731632814333
"198509",,ACMA,7.300000000000000,Fair,,,,,,,,,,,,,,,,,,,,,,,,Sapindaceae,Acer,,,BD,L,,no,,,,2016/07/16,strip,8.600000000000000,None,Improved,Large,2804 NE CESAR E CHAVEZ BLVD,GRANT PARK,volunteer,,,Acer macrophyllum,"maple, bigleaf",,Street_Trees,/Users/zolli/Desktop/thesis stuff/thesis qgis files/Street_Trees-2/Street_Trees.shp,"449",171.000000000000000,2.000000000000000,0.457212954759598,0.457212954759598,0.010624915361404,0.446588039398193,0.467837870121002,0.021249830722809,0.000112888826437
"198574",,ACPL,38.899999999999999,Poor,,,,,,,,,,,,,,,,,,,,,,,,Sapindaceae,Acer,,,BD,M,,no,,,,2016/07/16,strip,8.800000000000002,None,Improved,Large,2644 NE 42ND AVE,GRANT PARK,volunteer,,,Acer platanoides,"maple, Norway",,Street_Trees,/Users/zolli/Desktop/thesis stuff/thesis qgis files/Street_Trees-2/Street_Trees.shp,"454",1989.000000000000000,21.000000000000000,0.478983894700096,0.482899218797684,0.058688005504945,0.358414113521576,0.546420812606812,0.188006699085236,0.003444281990148
"200092",,ACPL,16.300000000000001,Fair,,,,,,,,,,,,,,,,,,,,,,,,Sapindaceae,Acer,,,BD,M,,no,,,,2016/08/25,strip,9.600000000000000,None,Improved,Large,5405 NE SACRAMENTO ST,ROSE CITY PARK,staff,,,Acer platanoides,"maple, Norway",,Street_Trees,/Users/zolli/Desktop/thesis stuff/thesis qgis files/Street_Trees-2/Street_Trees.shp,"460",3042.000000000000000,31.000000000000000,0.490360671474088,0.506967902183533,0.066461056224677,0.351031064987183,0.576969563961029,0.225938498973846,0.004417071994500
"208705",,ACPL,6.100000000000000,Fair,,,,,,,,,,,,,,,,,,,,,,,,Sapindaceae,Acer,,,BD,M,,no,,,,2016/08/13,strip,9.500000000000000,High voltage,Improved,Medium,3502 NE HANCOCK ST,GRANT PARK,volunteer,,,Acer platanoides,"maple, Norway",,Street_Trees,/Users/zolli/Desktop/thesis stuff/thesis qgis files/Street_Trees-2/Street_Trees.shp,"468",36.000000000000000,0.371393133250321,0.426198360088277,0.431155711412430,0.010866939144836,0.421485394239426,0.440826028585434,0.019340634346008,0.000118090366378
"213082",,THPL,13.600000000000000,Fair,,,,,<Null>,,,,,,,,,,,,,,,,,,,Cupressaceae,Thuja,,,CE,L,,no,,,,2016/09/14,curbtight,,High voltage,Improved,Medium,6509 SE DUNBAR DR,PLEASANT VALLEY,staff,,,Thuja plicata,Western redcedar,,Street_Trees,/Users/zolli/Desktop/thesis stuff/thesis qgis files/Street_Trees-2/Street_Trees.shp,"471",126.000000000000000,2.000000000000000,0.510260909795761,0.510260909795761,0.026532202959061,0.483728706836700,0.536793112754822,0.053064405918121,0.000703957793861
"213279",,THPL,12.100000000000000,Fair,,,,,<Null>,,,,,,,,,,,,,,,,,,,Cupressaceae,Thuja,,,CE,L,,no,,,,2016/09/14,curbtight,,High voltage,Improved,Medium,6509 SE DUNBAR DR,PLEASANT VALLEY,staff,,,Thuja plicata,Western redcedar,,Street_Trees,/Users/zolli/Desktop/thesis stuff/thesis qgis files/Street_Trees-2/Street_Trees.shp,"474",108.000000000000000,1.114179399765375,0.502310478702954,0.499322891235352,0.028855933257878,0.453381031751633,0.532609462738037,0.079228430986404,0.000832664884183
"212732",,THPL,12.699999999999999,Poor,,,,,,,,,,,,,,,,,,,,,,,,Cupressaceae,Thuja,,,CE,L,,no,,,,2016/09/13,curbtight,,High voltage,Improved,Medium,3601 NE 162ND AVE,WILKES,staff,,,Thuja plicata,Western redcedar,,Street_Trees,/Users/zolli/Desktop/thesis stuff/thesis qgis files/Street_Trees-2/Street_Trees.shp,"480",54.000000000000000,0.557089699879085,0.305616481801816,0.301956981420517,0.019357251011207,0.294369965791702,0.341780751943588,0.047410786151886,0.000374703166711
"217977",,THPL,10.000000000000000,Fair,,,,,Estimated dbh,,,,,,,,,,,,,,,,,,,Cupressaceae,Thuja,,,CE,L,,no,,,,2016/09/23,NCNS,,None,Unimproved,Large,8235 SE 45TH AVE,ARDENWALD-JOHNSON CREEK,staff,,,Thuja plicata,Western redcedar,,Street_Trees,/Users/zolli/Desktop/thesis stuff/thesis qgis files/Street_Trees-2/Street_Trees.shp,"499",36.000000000000000,0.371393133250321,0.359794467687607,0.359794467687607,0.000000000000000,0.359794467687607,0.359794467687607,0.000000000000000,0.000000000000000
"218019",,THPL,9.000000000000000,Fair,,,,,Estimated dbh,,,,,,,,,,,,,,,,,,,Cupressaceae,Thuja,,,CE,L,,no,,,,2016/09/23,NCNS,,None,Unimproved,Large,8235 SE 45TH AVE,ARDENWALD-JOHNSON CREEK,staff,,,Thuja plicata,Western redcedar,,Street_Trees,/Users/zolli/Desktop/thesis stuff/thesis qgis files/Street_Trees-2/Street_Trees.shp,"501",216.000000000000000,2.000000000000000,0.305658251047134,0.305658251047134,0.043708115816116,0.261950135231018,0.349366366863251,0.087416231632233,0.001910399388195
"218364",,ACMA,21.100000000000001,Poor,,,,,<Null>,,,,,,,,,,,,,,,,,,,Sapindaceae,Acer,,,BD,L,,no,,,,2016/09/27,NCNS,,None,Unimproved,Large,2835 SE HARNEY ST,ARDENWALD-JOHNSON CREEK,staff,,,Acer macrophyllum,"maple, bigleaf",,Street_Trees,/Users/zolli/Desktop/thesis stuff/thesis qgis files/Street_Trees-2/Street_Trees.shp,"510",8622.000000000000000,88.000000000000000,0.575360172512856,0.585362493991852,0.067425476620704,0.438727080821991,0.692859351634979,0.254132270812988,0.004546194897529
